,TENet,ENet
Intercept,63.1117466671968,60.9965447334327
PC1,0.269221078408062,0.0
PC2,-0.729885882,-0.580288711
PC3,-0.03552784,0.0
PC4,1.5718822306989,1.61635684650328
PC5,2.90109011033679,3.74415471167442
PC6,0.181751203903104,0.0
PC7,-1.067981744,0.0
PC8,-4.080478634,-6.138225149
PC9,-0.782935885,0.0
PC10,0.0,0.0
PC11,0.891353487535334,1.02821672083365
PC12,5.4361719633482,8.39740209477234
PC13,-2.250883746,-3.32179062
PC14,0.339192802476634,0.0
PC15,-0.191071041,0.0
PC16,-0.076957474,0.0
PC17,-1.816747681,-1.211931557
PC18,0.0,0.0
PC19,0.0,0.0
PC20,-0.685670284,0.0
PC21,0.212669074441297,0.540333426993001
PC22,3.19029623683909,2.32944961278111
PC23,3.56862865918797,0.818615108605584
PC24,1.46176463088276,2.58137058782289
PC25,-0.757986547,-0.117219172
PC26,-0.203643625,0.0
PC27,0.0,0.0
PC28,-2.758276029,-1.265875369
PC29,-2.282920963,0.0
PC30,-0.113881253,0.0
PC31,1.2817606570202,0.08777331
PC32,0.0,0.0
PC33,-3.04797148,0.0
PC34,0.0,0.0
PC35,0.0,0.0
PC36,-1.368717797,0.0
PC37,1.22935064946677,0.0
PC38,-2.403186937,-4.4591545
PC39,2.63719308150476,0.0
PC40,-2.86812412,0.0
PC41,-1.025368022,0.0
PC42,-3.23751984,0.0
PC43,0.325216709585818,0.0
PC44,-2.193642743,0.0
PC45,2.74795231444874,3.15607787157783
PC46,0.0,0.0
PC47,-0.156935869,0.0
PC48,0.0,0.0
PC49,0.0,0.0
PC50,1.45942147067736,0.0
PC51,3.07444329504933,0.339629296120311
PC52,3.08197441426239,0.0
PC53,-1.412844233,0.0
PC54,0.0,0.0
PC55,-1.634452657,0.0
PC56,-0.082000177,0.0
PC57,0.580200249297632,0.0
PC58,0.0,0.0
PC59,0.759915289454361,0.0
PC60,0.694955105934916,0.0
PC61,-0.129797746,-2.758965346
PC62,-1.567740263,0.0
PC63,1.608309592,1.82022969675379
PC64,0.629184691935767,0.0
PC65,0.707478546247665,0.0
PC66,-2.497563414,0.0
PC67,0.0,0.0
PC68,0.0,0.0
PC69,-2.719123457,0.0
PC70,0.0,0.0
PC71,1.15922378140288,0.0
PC72,0.818357774568542,0.0
PC73,0.0,0.0
PC74,0.0,0.0
PC75,-1.241788517,0.0
PC76,0.0,0.0
PC77,-0.719348655,0.0
PC78,0.973930343917646,0.0
PC79,-0.75251642,0.0
PC80,0.0,0.0
PC81,0.0,0.0
PC82,0.0,0.0
PC83,0.0,0.0
PC84,1.65711123405702,0.0
PC85,0.0,0.0
PC86,0.0,0.0
PC87,-2.033108997,0.0
PC88,0.0,0.0
PC89,0.0,0.0
PC90,0.0,0.0
PC91,0.202119260601279,0.0
PC92,0.0,0.0
PC93,1.77311184236802,0.0
PC94,2.35426715737246,0.0
PC95,0.225585295033954,0.0
PC96,0.0,0.0
PC97,-1.231282023,0.0
PC98,-0.064732571,0.0
PC99,0.0,0.0
PC100,0.869966004876909,0.0
PC101,-0.119326506,0.0
PC102,0.0,0.0
PC103,0.114202432886341,0.0
PC104,-0.106043301,0.0
PC105,1.71480595847811,0.0
PC106,0.0,0.0
PC107,0.0,0.0
PC108,0.0,0.0
PC109,-0.87023665,0.0
PC110,-0.341689637,0.0
PC111,1.589469186,0.0
PC112,0.0,0.0
PC113,0.0,0.0
PC114,0.0,0.0
PC115,0.0,0.0
PC116,0.0,0.0
PC117,-0.522740726,0.0
PC118,0.796608756741138,0.0
PC119,-1.458471677,0.0
PC120,-1.871309426,0.0
PC121,1.29307012757282,0.0
PC122,-0.329846322,0.0
PC123,1.10821399341798,0.0
PC124,-1.818883979,0.0
PC125,-0.552877259,0.0
PC126,0.170046416253506,0.0
PC127,-0.04682491,0.0
PC128,0.0,0.0
PC129,0.0,0.0
PC130,0.402035556345101,0.0
PC131,1.16674005626931,0.0
PC132,-0.302827228,0.0
PC133,0.0,0.0
PC134,0.0,0.0
PC135,1.26006617849319,0.0
PC136,-0.842443629,0.0
PC137,-0.951410479,0.0
PC138,1.00700735359912,0.0
PC139,1.5803399792219,0.0
PC140,0.0,0.0
PC141,0.0,0.0
PC142,0.0,0.0
PC143,-0.880622594,0.0
PC144,0.0,0.0
PC145,0.0,0.0
PC146,0.0,0.0
PC147,0.0,0.0
PC148,0.0,0.0
PC149,-1.079810073,0.0
PC150,0.0,0.0
PC151,0.0,0.0
PC152,0.0,0.0
PC153,-0.489745454,0.0
PC154,-0.955649195,0.0
PC155,1.28654149170362,0.0
PC156,0.0,0.0
PC157,0.684546721306493,0.0
PC158,0.109162323628987,0.0
PC159,-1.639296306,0.0
PC160,0.0,0.0
PC161,0.0,0.0
PC162,0.640751898424943,0.0
PC163,0.0,0.0
PC164,-1.237144223,0.0
PC165,-0.213328821,0.0
PC166,0.0,0.0
PC167,1.11753143597139,0.0
PC168,1.17565222780054,0.0
PC169,0.0,0.0
PC170,0.0,0.0
PC171,1.2669893050205,0.0
PC172,0.0,0.0
PC173,0.0,0.0
PC174,-1.20281873,0.0
PC175,0.0,0.0
PC176,0.0,0.0
PC177,0.0,0.0
PC178,0.0,0.0
PC179,0.0,0.0
PC180,0.376344054256415,0.0
PC181,0.0,0.0
PC182,0.0,0.0
PC183,0.0,0.0
PC184,0.0,0.0
PC185,0.0,0.0
PC186,0.0,0.0
PC187,0.0,0.0
PC188,0.0,0.0
PC189,0.0,0.0
PC190,0.0,0.0
PC191,-0.382216918,0.0
PC192,0.0,0.0
PC193,0.0,0.0
PC194,-0.913031562,0.0
PC195,0.0,0.0
PC196,0.0,0.0
PC197,-0.848726378,0.0
PC198,0.0,0.0
PC199,0.029235158,0.0
PC200,0.982112566686443,0.0
PC201,0.885955442466525,0.0
PC202,1.612687668,0.0
PC203,0.0,0.0
PC204,0.0,0.0
PC205,0.0,0.0
PC206,0.0,0.0
PC207,0.0,0.0
PC208,0.0,0.0
PC209,0.0,0.0
PC210,0.0,0.0
PC211,0.0,0.0
PC212,0.0,0.0
PC213,0.0,0.0
PC214,-0.873329682,0.0
PC215,0.0,0.0
PC216,0.0,0.0
PC217,-0.864868337,0.0
PC218,0.0,0.0
PC219,-1.31218057,0.0
PC220,0.0,0.0
PC221,0.0,0.0
PC222,0.0,0.0
PC223,0.0,0.0
PC224,0.0,0.0
PC225,-0.685225601,0.0
PC226,0.0,0.0
PC227,0.0,0.0
PC228,-0.587832332,0.0
PC229,0.0,0.0
PC230,0.0,0.0
PC231,-0.157880322,0.0
PC232,-0.298104404,0.0
PC233,0.0,0.0
PC234,1.33255810668926,0.0
PC235,0.181488874306383,0.0
PC236,0.0,0.0
PC237,0.0,0.0
PC238,0.50436324564522,0.0
PC239,0.0,0.0
PC240,0.0,0.0
PC241,-0.423926679,0.0
PC242,0.0,0.0
PC243,0.0,0.0
PC244,-0.282141524,0.0
PC245,0.0,0.0
PC246,0.0,0.0
PC247,0.0,0.0
PC248,-0.937924394,0.0
PC249,-0.165198991,0.0
PC250,0.0,0.0
PC251,0.0,0.0
PC252,1.05553233658538,0.0
PC253,0.0,0.0
PC254,0.0,0.0
PC255,0.0,0.0
PC256,1.39808735500232,0.0
PC257,0.0,0.0
PC258,0.0,0.0
PC259,0.0,0.0
PC260,0.0,0.0
PC261,0.0,0.0
PC262,0.356661937754642,0.0
PC263,0.0,0.0
PC264,0.0,0.0
PC265,-0.835717293,0.0
PC266,-0.244210102,0.0
PC267,-1.003005045,0.0
PC268,0.0,0.0
PC269,0.973958662256085,0.0
PC270,0.0,0.0
PC271,0.0,0.0
PC272,0.0,0.0
PC273,0.0,0.0
PC274,0.0,0.0
PC275,0.0,0.0
PC276,0.0,0.0
PC277,0.0,0.0
PC278,0.0,0.0
PC279,0.0,0.0
PC280,-0.302171517,0.0
PC281,0.0,0.0
PC282,0.0,0.0
PC283,-1.0467337,0.0
PC284,-1.022270702,0.0
PC285,0.0,0.0
PC286,-0.272932529,0.0
PC287,0.416395044417201,0.0
PC288,0.888036156448523,0.0
PC289,0.0,0.0
PC290,-0.122659595,0.0
PC291,-1.156120656,0.0
PC292,-0.869527625,0.0
PC293,1.4281890041686,0.0
PC294,0.0,0.0
PC295,0.0,0.0
PC296,0.0,0.0
PC297,0.0,0.0
PC298,0.0,0.0
PC299,-0.865460773,0.0
PC300,-0.111888006,0.0
PC301,0.0,0.0
PC302,0.0,0.0
PC303,0.848432810754711,0.0
PC304,0.0,0.0
PC305,0.0,0.0
PC306,0.0,0.0
PC307,0.0,0.0
PC308,-0.002748903,0.0
PC309,0.0,0.0
PC310,0.0,0.0
PC311,-0.042653045,0.0
PC312,0.0,0.0
PC313,1.07407372083999,0.0
PC314,0.0,0.0
PC315,0.0,0.0
PC316,0.0,0.0
PC317,1.19334154073165,0.0
PC318,-1.349865829,0.0
PC319,1.2888193122443,0.0
PC320,0.0,0.0
PC321,1.160418741,0.0
PC322,0.0,0.0
PC323,0.0,0.0
PC324,-0.4525281,0.0
PC325,1.48205452440538,0.0
PC326,0.0,0.0
PC327,1.03393080557712,0.0
PC328,0.0,0.0
PC329,-1.178056892,0.0
PC330,-1.370037941,0.0
PC331,0.0,0.0
PC332,0.314737056,0.0
PC333,0.0,0.0
PC334,0.068249647,0.0
PC335,0.0,0.0
PC336,0.0,0.0
PC337,0.896417782,0.0
PC338,0.0,0.0
PC339,0.0,0.0
PC340,-0.697353785,0.0
PC341,0.0,0.0
PC342,0.0,0.0
PC343,0.0,0.0
PC344,0.482671490626804,0.0
PC345,0.0,0.0
PC346,0.0,0.0
PC347,0.0,0.0
PC348,0.0,0.0
PC349,0.0,0.0
PC350,0.0,0.0
PC351,0.0,0.0
PC352,0.0,0.0
PC353,0.0,0.0
PC354,-0.302935195,0.0
PC355,0.0,0.0
PC356,0.0,0.0
PC357,0.0,0.0
PC358,0.0,0.0
PC359,0.937182392,0.0
PC360,0.0,0.0
PC361,0.0,0.0
PC362,0.0,0.0
PC363,0.0,0.0
PC364,0.0,0.0
PC365,0.0,0.0
PC366,0.0,0.0
PC367,0.0,0.0
PC368,0.0,0.0
PC369,0.0,0.0
PC370,0.0,0.0
PC371,0.0,0.0
PC372,0.0,0.0
PC373,1.50469672173224,0.0
PC374,0.0,0.0
PC375,-1.134405657,0.0
PC376,-0.724156675,0.0
PC377,0.374790697497938,0.0
PC378,0.0,0.0
PC379,-0.96731896,0.0
PC380,0.0,0.0
PC381,0.0,0.0
PC382,0.0,0.0
PC383,0.0,0.0
PC384,0.0,0.0
PC385,-0.798403908,0.0
PC386,-0.292702438,0.0
PC387,0.332844983993936,0.0
PC388,0.0,0.0
PC389,0.0,0.0
PC390,0.0,0.0
PC391,0.0,0.0
PC392,0.0,0.0
PC393,-0.172294535,0.0
PC394,0.0,0.0
PC395,0.0,0.0
PC396,0.0,0.0
PC397,-0.638621034,0.0
PC398,0.0,0.0
PC399,0.0,0.0
PC400,0.0,0.0
PC401,0.0,0.0
PC402,0.948849286887282,0.0
PC403,0.0,0.0
PC404,0.0,0.0
PC405,1.29075134364085,0.0
PC406,0.0354718235768751,0.0
PC407,0.635233264725462,0.0
PC408,0.0,0.0
PC409,0.0,0.0
PC410,0.0,0.0
PC411,0.0,0.0
PC412,0.0,0.0
PC413,0.0,0.0
PC414,0.0,0.0
PC415,0.0,0.0
PC416,0.0,0.0
PC417,0.0,0.0
PC418,0.0,0.0
PC419,0.0,0.0
PC420,0.0,0.0
PC421,0.0,0.0
PC422,0.0,0.0
PC423,-0.419900838,0.0
PC424,-0.853519476,0.0
PC425,0.0,0.0
PC426,-0.818157538,0.0
PC427,0.0,0.0
PC428,0.0,0.0
PC429,0.0,0.0
PC430,0.0,0.0
PC431,0.0,0.0
PC432,0.0,0.0
PC433,-1.191301355,0.0
PC434,0.0,0.0
PC435,0.123975706381202,0.0
PC436,0.0,0.0
PC437,-1.459804431,0.0
PC438,-1.654840128,0.0
PC439,0.0,0.0
PC440,0.0,0.0
PC441,0.0,0.0
PC442,0.0,0.0
PC443,0.0,0.0
PC444,-0.200129126,0.0
PC445,-0.252540912,0.0
PC446,0.0,0.0
PC447,0.0,0.0
PC448,0.0,0.0
PC449,0.0,0.0
PC450,-0.674028964,0.0
PC451,0.0,0.0
PC452,0.0,0.0
PC453,-0.058407144,0.0
PC454,0.0,0.0
PC455,0.0,0.0
PC456,0.0,0.0
PC457,0.0,0.0
PC458,0.0,0.0
PC459,0.0,0.0
PC460,0.0,0.0
PC461,0.0,0.0
PC462,0.0,0.0
PC463,-0.149797493,0.0
PC464,0.0,0.0
PC465,0.0,0.0
PC466,-1.420878235,0.0
PC467,0.0,0.0
PC468,0.0,0.0
PC469,-1.093310767,0.0
PC470,0.0,0.0
PC471,0.0,0.0
PC472,0.0,0.0
PC473,0.0,0.0
PC474,0.0,0.0
PC475,0.0,0.0
PC476,0.0,0.0
PC477,0.0,0.0
PC478,-0.217854483,0.0
PC479,0.0,0.0
PC480,-1.233714716,0.0
PC481,0.0,0.0
PC482,0.0,0.0
PC483,0.0,0.0
PC484,0.459043573713159,0.0
PC485,0.0,0.0
PC486,0.0,0.0
PC487,0.0,0.0
PC488,0.0,0.0
PC489,2.13146362532841,0.0
PC490,0.083960965,0.0
PC491,0.0,0.0
PC492,0.0,0.0
PC493,0.111652619273337,0.0
PC494,0.0,0.0
PC495,0.859525577,0.0
PC496,0.0,0.0
PC497,0.0,0.0
PC498,0.0,0.0
PC499,-0.988376419,0.0
PC500,0.0,0.0
PC501,0.0,0.0
PC502,0.0,0.0
PC503,0.0,0.0
PC504,-1.996506422,0.0
PC505,0.0,0.0
PC506,0.0,0.0
PC507,-0.780574388,0.0
PC508,0.0,0.0
PC509,0.0,0.0
PC510,0.0,0.0
PC511,0.0,0.0
PC512,0.0,0.0
PC513,0.0,0.0
PC514,0.0,0.0
PC515,0.0,0.0
PC516,0.0,0.0
PC517,0.0,0.0
PC518,0.0,0.0
PC519,0.247125343838658,0.0
PC520,0.0,0.0
PC521,0.0,0.0
PC522,0.0,0.0
PC523,0.0,0.0
PC524,0.0,0.0
PC525,0.0,0.0
PC526,0.0,0.0
PC527,0.852048973522763,0.0
PC528,0.0,0.0
PC529,0.0,0.0
PC530,-0.01905075,0.0
PC531,0.0,0.0
PC532,0.866804068052496,0.0
PC533,-1.306588549,0.0
PC534,-1.001994247,0.0
PC535,0.0,0.0
PC536,0.0,0.0
PC537,0.483231627676733,0.0
PC538,0.0,0.0
PC539,0.549289678,0.0
PC540,0.0,0.0
PC541,0.0,0.0
PC542,0.0,0.0
PC543,0.0,0.0
PC544,0.0,0.0
PC545,-0.255464048,0.0
PC546,0.848468216960265,0.0
PC547,0.0,0.0
PC548,0.0,0.0
PC549,0.0,0.0
PC550,0.0,0.0
PC551,0.0,0.0
PC552,-0.281083471,0.0
PC553,0.0,0.0
PC554,0.0,0.0
PC555,0.0,0.0
PC556,0.978131216447225,0.0
PC557,0.0,0.0
PC558,0.0,0.0
PC559,0.0,0.0
PC560,0.0,0.0
PC561,0.0,0.0
PC562,0.0,0.0
PC563,0.0,0.0
PC564,1.17642566418362,0.0
PC565,0.0,0.0
PC566,0.0,0.0
PC567,0.0,0.0
PC568,0.0,0.0
PC569,0.0461352459120877,0.0
PC570,0.0,0.0
PC571,0.0,0.0
PC572,0.0,0.0
PC573,0.0,0.0
PC574,0.0,0.0
PC575,0.0,0.0
PC576,0.0,0.0
PC577,-0.804637896,0.0
PC578,0.0,0.0
PC579,0.0,0.0
PC580,0.0,0.0
PC581,0.0,0.0
PC582,0.0,0.0
PC583,0.0,0.0
PC584,-1.327346537,0.0
PC585,0.0,0.0
PC586,0.0,0.0
PC587,0.787753478212543,0.0
PC588,0.0,0.0
PC589,0.0,0.0
PC590,-0.01912988,0.0
PC591,0.0,0.0
PC592,0.0,0.0
PC593,0.0,0.0
PC594,-0.977846997,0.0
PC595,0.0,0.0
PC596,0.0,0.0
PC597,1.09497241810856,0.0
PC598,0.0,0.0
PC599,0.0,0.0
PC600,0.0,0.0
PC601,0.0,0.0
PC602,-0.528540015,0.0
PC603,-0.569361203,0.0
PC604,0.843287267613793,0.0
PC605,0.0,0.0
PC606,0.0,0.0
PC607,0.0,0.0
PC608,0.0,0.0
PC609,0.0,0.0
PC610,0.0,0.0
PC611,-1.105029875,0.0
PC612,0.0,0.0
PC613,1.52137616796193,0.0
PC614,-0.562599523,0.0
PC615,0.660820147650151,0.0
PC616,0.0,0.0
PC617,0.0,0.0
PC618,0.0,0.0
PC619,-0.769334178,0.0
PC620,-1.470430854,0.0
PC621,0.0,0.0
PC622,0.0,0.0
PC623,0.056067508,0.0
PC624,0.0,0.0
PC625,0.0,0.0
PC626,0.0,0.0
PC627,0.405750517951361,0.0
PC628,0.0,0.0
PC629,0.0,0.0
PC630,-0.538704755,0.0
PC631,-0.830223534,0.0
PC632,0.0,0.0
PC633,-1.447711583,0.0
PC634,0.0,0.0
PC635,0.716614367223073,0.0
PC636,0.0,0.0
PC637,0.0,0.0
PC638,0.137325857925553,0.0
PC639,0.0,0.0
PC640,0.0,0.0
PC641,0.0,0.0
PC642,0.0,0.0
PC643,0.873443477061203,0.0
PC644,0.345104448603264,0.0
PC645,0.0,0.0
PC646,0.0,0.0
PC647,0.0,0.0
PC648,1.0056971922792,0.0
PC649,0.0,0.0
PC650,0.0,0.0
PC651,0.0,0.0
PC652,0.0,0.0
PC653,-0.751117854,0.0
PC654,0.0,0.0
PC655,-0.86790915,0.0
PC656,0.0,0.0
PC657,-0.184493291,0.0
PC658,-0.302620176,0.0
PC659,0.0,0.0
PC660,0.0,0.0
PC661,0.0,0.0
PC662,0.0,0.0
PC663,0.0,0.0
PC664,0.0,0.0
PC665,0.0,0.0
PC666,0.378271134964873,0.0
PC667,0.0,0.0
PC668,0.0,0.0
PC669,0.0,0.0
PC670,0.0,0.0
PC671,0.0,0.0
PC672,0.0,0.0
PC673,0.0,0.0
PC674,0.0,0.0
PC675,0.0,0.0
PC676,0.0,0.0
PC677,0.0,0.0
PC678,0.0,0.0
PC679,-1.225624539,0.0
PC680,0.0,0.0
PC681,-1.491639182,0.0
PC682,0.880840899884449,0.0
PC683,0.0,0.0
PC684,0.0,0.0
PC685,0.0,0.0
PC686,0.0,0.0
PC687,0.0,0.0
PC688,-0.684374988,0.0
PC689,0.0,0.0
PC690,0.0,0.0
PC691,-0.466373346,0.0
PC692,0.0449538721540859,0.0
PC693,0.0,0.0
PC694,0.0,0.0
PC695,-1.175152146,0.0
PC696,0.0,0.0
PC697,0.0,0.0
PC698,0.0,0.0
PC699,-0.692841452,0.0
PC700,0.0,0.0
PC701,0.0,0.0
PC702,0.0,0.0
PC703,0.0,0.0
PC704,0.0,0.0
PC705,0.0,0.0
PC706,0.0,0.0
PC707,0.0,0.0
PC708,-0.225368037,0.0
PC709,0.0,0.0
PC710,0.0,0.0
PC711,0.0,0.0
PC712,0.0,0.0
PC713,0.0,0.0
PC714,0.0,0.0
PC715,-0.579211377,0.0
PC716,-0.345139829,0.0
PC717,0.0,0.0
PC718,0.0,0.0
PC719,0.0,0.0
PC720,0.0,0.0
PC721,0.0,0.0
PC722,0.0,0.0
PC723,0.0,0.0
PC724,0.969611160670162,0.0
PC725,0.0,0.0
PC726,0.0,0.0
PC727,0.0,0.0
PC728,0.0,0.0
PC729,0.0,0.0
PC730,0.0,0.0
PC731,0.0,0.0
PC732,0.0,0.0
PC733,0.0,0.0
PC734,-0.555294997,0.0
PC735,-0.792101282,0.0
PC736,-0.146219859,0.0
PC737,0.0,0.0
PC738,-0.156312753,0.0
PC739,0.0,0.0
PC740,0.0,0.0
PC741,0.0,0.0
PC742,0.0,0.0
PC743,-0.787532334,0.0
PC744,-1.128541618,0.0
PC745,0.0,0.0
PC746,1.008125744,0.0
PC747,-0.575416401,0.0
PC748,0.0,0.0
PC749,0.0,0.0
PC750,0.0,0.0
PC751,0.0,0.0
PC752,0.0,0.0
PC753,0.0,0.0
PC754,0.0,0.0
PC755,0.0,0.0
PC756,0.0,0.0
PC757,0.0,0.0
PC758,-0.736890712,0.0
PC759,0.0,0.0
PC760,0.0,0.0
PC761,0.0,0.0
PC762,0.0,0.0
PC763,0.0,0.0
PC764,-0.009870937,0.0
PC765,0.0,0.0
PC766,0.0,0.0
PC767,0.0,0.0
PC768,0.0,0.0
PC769,0.0,0.0
PC770,0.0,0.0
PC771,0.0,0.0
PC772,0.094847067,0.0
PC773,0.0,0.0
PC774,0.0,0.0
PC775,0.0,0.0
PC776,0.0,0.0
PC777,0.0,0.0
PC778,0.0,0.0
PC779,0.0,0.0
PC780,0.0,0.0
PC781,0.0,0.0
PC782,0.0,0.0
PC783,0.0,0.0
PC784,0.0,0.0
PC785,0.0,0.0
PC786,-0.810984095,0.0
PC787,0.494772563547477,0.0
PC788,0.829128529309536,0.0
PC789,0.0,0.0
PC790,0.0,0.0
PC791,0.0,0.0
PC792,0.0,0.0
PC793,0.74835765799256,0.0
PC794,0.0,0.0
PC795,0.0,0.0
PC796,-0.763025369,0.0
PC797,0.0,0.0
PC798,0.0,0.0
PC799,0.0,0.0
PC800,0.0,0.0
PC801,0.0,0.0
PC802,0.0,0.0
PC803,0.0,0.0
PC804,0.0,0.0
PC805,0.0,0.0
PC806,0.0,0.0
PC807,0.0,0.0
PC808,0.0,0.0
PC809,0.0,0.0
PC810,0.0,0.0
PC811,0.0,0.0
PC812,0.0,0.0
PC813,0.0,0.0
PC814,0.0,0.0
PC815,0.0,0.0
PC816,0.0,0.0
PC817,0.0,0.0
PC818,0.0,0.0
PC819,0.0,0.0
PC820,0.0,0.0
PC821,0.0,0.0
PC822,0.0,0.0
PC823,0.0,0.0
PC824,0.0,0.0
PC825,0.266288911920786,0.0
PC826,0.0,0.0
PC827,0.194429451604003,0.0
PC828,0.0,0.0
PC829,0.0,0.0
PC830,0.0,0.0
PC831,0.0,0.0
PC832,0.0,0.0
PC833,-0.430751487,0.0
PC834,0.0,0.0
PC835,0.0,0.0
PC836,0.0,0.0
PC837,0.0,0.0
PC838,0.0,0.0
PC839,-0.138618274,0.0
PC840,-0.766009739,0.0
PC841,2.14683994511175,0.0
PC842,0.0,0.0
PC843,0.0,0.0
PC844,0.0,0.0
PC845,0.0,0.0
PC846,0.0,0.0
PC847,0.0,0.0
PC848,0.0,0.0
PC849,0.0,0.0
PC850,0.0,0.0
PC851,0.0,0.0
PC852,0.222088279177407,0.0
PC853,-1.126301713,0.0
PC854,0.0,0.0
PC855,0.539575923093485,0.0
PC856,0.0,0.0
PC857,0.0,0.0
PC858,-0.055047497,0.0
PC859,0.0,0.0
PC860,0.0,0.0
PC861,0.474600904748347,0.0
PC862,0.0,0.0
PC863,0.0,0.0
PC864,0.0,0.0
PC865,0.0,0.0
PC866,0.0,0.0
PC867,0.0,0.0
PC868,0.0,0.0
PC869,0.727812333,0.0
PC870,0.0,0.0
PC871,0.0,0.0
PC872,0.733265366417407,0.0
PC873,0.0,0.0
PC874,0.0,0.0
PC875,0.0,0.0
PC876,0.0,0.0
PC877,0.0,0.0
PC878,0.0,0.0
PC879,0.0,0.0
PC880,0.0,0.0
PC881,0.0,0.0
PC882,0.0,0.0
PC883,0.0,0.0
PC884,-0.071626332,0.0
PC885,0.0,0.0
PC886,0.0,0.0
PC887,0.0,0.0
PC888,0.0,0.0
PC889,0.0,0.0
PC890,0.0,0.0
PC891,0.0,0.0
PC892,0.0,0.0
PC893,0.0,0.0
PC894,0.0,0.0
PC895,-0.256433208,0.0
PC896,0.0,0.0
PC897,0.0,0.0
PC898,0.0,0.0
PC899,0.0,0.0
PC900,0.0,0.0
PC901,0.0,0.0
PC902,0.0,0.0
PC903,0.0,0.0
PC904,0.0,0.0
PC905,0.0,0.0
PC906,0.0,0.0
PC907,-0.294969128,0.0
PC908,0.0,0.0
PC909,0.0,0.0
PC910,0.0,0.0
PC911,-1.24858548,0.0
PC912,0.0,0.0
PC913,0.0,0.0
PC914,0.0,0.0
PC915,0.0,0.0
PC916,0.0,0.0
PC917,0.644965775079366,0.0
PC918,0.0,0.0
PC919,0.0,0.0
PC920,-0.400787134,0.0
PC921,0.0,0.0
PC922,0.0,0.0
PC923,0.0,0.0
PC924,0.0,0.0
PC925,0.0,0.0
PC926,-1.126833422,0.0
PC927,0.0,0.0
PC928,0.0,0.0
PC929,0.0,0.0
PC930,0.0,0.0
PC931,1.09150704261982,0.0
PC932,1.08301080009641,0.0
PC933,0.0,0.0
PC934,0.0,0.0
PC935,0.0,0.0
PC936,0.0,0.0
PC937,0.0,0.0
PC938,-0.773763727,0.0
PC939,-0.705169722,0.0
PC940,0.0,0.0
PC941,0.0,0.0
PC942,0.0,0.0
PC943,-0.777528237,0.0
PC944,0.0,0.0
PC945,-0.746235924,0.0
PC946,0.897756845065958,0.0
PC947,0.0,0.0
PC948,0.0,0.0
PC949,0.0,0.0
PC950,0.0,0.0
PC951,-0.369271426,0.0
PC952,0.0,0.0
PC953,0.0,0.0
PC954,1.28839353144507,0.0
PC955,0.0,0.0
PC956,0.0,0.0
PC957,0.0,0.0
PC958,0.413386754794173,0.0
PC959,0.0,0.0
PC960,-0.716088129,0.0
PC961,0.0,0.0
PC962,0.0,0.0
PC963,0.0,0.0
PC964,0.0,0.0
PC965,0.0,0.0
PC966,-1.085042175,0.0
PC967,0.0,0.0
PC968,0.0,0.0
PC969,0.0,0.0
PC970,0.0,0.0
PC971,0.0,0.0
PC972,0.0,0.0
PC973,0.0,0.0
PC974,0.0,0.0
PC975,0.0,0.0
PC976,0.0,0.0
PC977,0.0,0.0
PC978,0.0,0.0
PC979,0.0,0.0
PC980,0.0,0.0
PC981,0.0,0.0
PC982,0.0,0.0
PC983,0.0,0.0
PC984,-1.127678163,0.0
PC985,1.55608591085438,0.0
PC986,0.0,0.0
PC987,0.0,0.0
PC988,0.0,0.0
PC989,0.548902260235087,0.0
PC990,0.0,0.0
PC991,0.952229123479904,0.0
PC992,0.0,0.0
PC993,0.0,0.0
PC994,0.0,0.0
PC995,0.0,0.0
PC996,0.0,0.0
PC997,0.0,0.0
PC998,0.0,0.0
PC999,0.386579007646746,0.0
PC1000,0.0,0.0
PC1001,0.0,0.0
PC1002,-0.959654306,0.0
PC1003,0.0,0.0
PC1004,-0.336483838,0.0
PC1005,0.0,0.0
PC1006,0.0,0.0
PC1007,0.0,0.0
PC1008,0.0,0.0
PC1009,0.0,0.0
PC1010,0.0,0.0
PC1011,0.0,0.0
PC1012,0.0,0.0
PC1013,0.0,0.0
PC1014,-0.926140651,0.0
PC1015,0.0,0.0
PC1016,0.0,0.0
PC1017,0.0,0.0
PC1018,0.0,0.0
PC1019,0.004850851,0.0
PC1020,-0.936839725,0.0
PC1021,0.0,0.0
PC1022,0.431185615969209,0.0
PC1023,0.0,0.0
PC1024,0.0,0.0
PC1025,0.0,0.0
PC1026,0.0,0.0
PC1027,0.0,0.0
PC1028,0.0,0.0
PC1029,0.0,0.0
PC1030,0.0,0.0
PC1031,0.0,0.0
PC1032,0.0,0.0
PC1033,0.0,0.0
PC1034,-0.034978083,0.0
PC1035,0.0,0.0
PC1036,0.0,0.0
PC1037,0.506551586478316,0.0
PC1038,0.0,0.0
PC1039,0.0,0.0
PC1040,0.509998066,0.0
PC1041,0.0,0.0
PC1042,0.0,0.0
PC1043,0.0,0.0
PC1044,0.0,0.0
PC1045,0.0,0.0
PC1046,0.0,0.0
PC1047,0.0,0.0
PC1048,0.0,0.0
PC1049,0.0,0.0
PC1050,0.0,0.0
PC1051,0.0,0.0
PC1052,-1.003645386,0.0
PC1053,-0.435529781,0.0
PC1054,0.0,0.0
PC1055,0.0,0.0
PC1056,0.0,0.0
PC1057,0.0,0.0
PC1058,0.0,0.0
PC1059,0.0,0.0
PC1060,0.0,0.0
PC1061,-0.658707068,0.0
PC1062,0.0,0.0
PC1063,-0.907043964,0.0
PC1064,0.0,0.0
PC1065,0.0,0.0
PC1066,0.271113270673193,0.0
PC1067,0.0,0.0
PC1068,0.0,0.0
PC1069,0.0,0.0
PC1070,0.0,0.0
PC1071,0.0,0.0
PC1072,0.0,0.0
PC1073,0.0,0.0
PC1074,0.0,0.0
PC1075,0.0,0.0
PC1076,0.0,0.0
PC1077,0.0,0.0
PC1078,0.0,0.0
PC1079,-1.242809653,0.0
PC1080,0.0,0.0
PC1081,0.0,0.0
PC1082,0.0,0.0
PC1083,0.0,0.0
PC1084,0.0,0.0
PC1085,0.0,0.0
PC1086,0.0,0.0
PC1087,0.0,0.0
PC1088,0.0,0.0
PC1089,1.18024407521278,0.0
PC1090,0.0,0.0
PC1091,0.0,0.0
PC1092,-1.368106739,0.0
PC1093,0.569129446023509,0.0
PC1094,0.68882082363114,0.0
PC1095,0.0,0.0
PC1096,0.535152572582662,0.0
PC1097,0.0,0.0
PC1098,0.0,0.0
PC1099,0.0,0.0
PC1100,0.0,0.0
PC1101,0.0,0.0
PC1102,0.0,0.0
PC1103,0.0,0.0
PC1104,0.0,0.0
PC1105,0.0,0.0
PC1106,0.0,0.0
PC1107,0.163616191946662,0.0
PC1108,0.0,0.0
PC1109,-0.100912177,0.0
PC1110,0.0,0.0
PC1111,0.0,0.0
PC1112,0.0,0.0
PC1113,0.0,0.0
PC1114,0.0,0.0
PC1115,-0.689535589,0.0
PC1116,0.0,0.0
PC1117,0.0,0.0
PC1118,0.0,0.0
PC1119,0.0,0.0
PC1120,0.62908513471976,0.0
PC1121,0.0,0.0
PC1122,0.0,0.0
PC1123,0.0,0.0
PC1124,0.0,0.0
PC1125,0.0,0.0
PC1126,0.0,0.0
PC1127,0.0,0.0
PC1128,0.22777418052702,0.0
PC1129,-0.714210534,0.0
PC1130,0.0,0.0
PC1131,0.0,0.0
PC1132,0.0,0.0
PC1133,0.0,0.0
PC1134,0.0,0.0
PC1135,0.0,0.0
PC1136,-0.953884258,0.0
PC1137,0.0,0.0
PC1138,0.513594152135153,0.0
PC1139,0.0,0.0
PC1140,0.0,0.0
PC1141,0.0,0.0
PC1142,0.0,0.0
PC1143,0.0,0.0
PC1144,0.0,0.0
PC1145,0.0,0.0
PC1146,-0.077334629,0.0
PC1147,0.0,0.0
PC1148,0.0,0.0
PC1149,0.0,0.0
PC1150,0.0,0.0
PC1151,0.0,0.0
PC1152,0.683318940040329,0.0
PC1153,0.0,0.0
PC1154,-0.41812323,0.0
PC1155,0.0,0.0
PC1156,0.0,0.0
PC1157,0.0,0.0
PC1158,-0.166117074,0.0
PC1159,0.0,0.0
PC1160,0.0,0.0
PC1161,0.0,0.0
PC1162,0.0,0.0
PC1163,0.0,0.0
PC1164,0.0,0.0
PC1165,0.0,0.0
PC1166,0.165064080385316,0.0
PC1167,0.0,0.0
PC1168,0.0,0.0
PC1169,0.0,0.0
PC1170,0.0,0.0
PC1171,0.0,0.0
PC1172,0.0,0.0
PC1173,0.0,0.0
PC1174,0.854583548,0.0
PC1175,0.0,0.0
PC1176,0.0,0.0
PC1177,0.0,0.0
PC1178,0.0,0.0
PC1179,0.0,0.0
PC1180,0.0,0.0
PC1181,0.0,0.0
PC1182,0.0,0.0
PC1183,0.0,0.0
PC1184,0.0,0.0
PC1185,0.0,0.0
PC1186,0.0,0.0
PC1187,0.0,0.0
PC1188,0.0,0.0
PC1189,0.0,0.0
PC1190,0.645500713,0.0
PC1191,0.0,0.0
PC1192,0.0,0.0
PC1193,-0.331925604,0.0
PC1194,0.726612528,0.0
PC1195,1.27318397077528,0.0
PC1196,0.0,0.0
PC1197,0.0,0.0
PC1198,0.0,0.0
PC1199,0.0,0.0
PC1200,0.0,0.0
PC1201,0.0,0.0
PC1202,0.0,0.0
PC1203,0.0,0.0
PC1204,0.0,0.0
PC1205,0.0,0.0
PC1206,0.0,0.0
PC1207,0.0,0.0
PC1208,0.0,0.0
PC1209,0.0,0.0
PC1210,0.0,0.0
PC1211,0.0,0.0
PC1212,0.0,0.0
PC1213,0.0,0.0
PC1214,0.0,0.0
PC1215,0.0,0.0
PC1216,0.0,0.0
PC1217,0.0,0.0
PC1218,0.0,0.0
PC1219,0.0,0.0
PC1220,0.0,0.0
PC1221,0.0,0.0
PC1222,0.0,0.0
PC1223,0.0,0.0
PC1224,0.0,0.0
PC1225,0.0,0.0
PC1226,0.0,0.0
PC1227,0.0,0.0
PC1228,0.0,0.0
PC1229,0.0,0.0
PC1230,0.0,0.0
PC1231,0.817974352289372,0.0
PC1232,0.0,0.0
PC1233,0.0,0.0
PC1234,0.0,0.0
PC1235,0.0,0.0
PC1236,1.11394395613601,0.0
PC1237,0.956838212,0.0
PC1238,0.0,0.0
PC1239,0.0,0.0
PC1240,0.0,0.0
PC1241,0.0,0.0
PC1242,0.0,0.0
PC1243,0.0,0.0
PC1244,0.0,0.0
PC1245,0.0,0.0
PC1246,0.0,0.0
PC1247,0.0,0.0
PC1248,0.0,0.0
PC1249,0.0,0.0
PC1250,0.0,0.0
PC1251,0.0,0.0
PC1252,0.0,0.0
PC1253,0.0,0.0
PC1254,0.0,0.0
PC1255,0.0,0.0
PC1256,0.0,0.0
PC1257,0.0,0.0
PC1258,0.0,0.0
PC1259,0.0,0.0
PC1260,-0.790356943,0.0
PC1261,0.0,0.0
PC1262,0.0,0.0
PC1263,0.0,0.0
PC1264,0.81127362,0.0
PC1265,0.0,0.0
PC1266,0.929712526583764,0.0
PC1267,0.0,0.0
PC1268,0.0,0.0
PC1269,0.0,0.0
PC1270,0.0,0.0
PC1271,0.0,0.0
PC1272,0.0,0.0
PC1273,0.0,0.0
PC1274,0.0,0.0
PC1275,0.0,0.0
PC1276,0.0,0.0
PC1277,0.0,0.0
PC1278,0.0,0.0
PC1279,0.0,0.0
PC1280,0.0,0.0
PC1281,0.0,0.0
PC1282,0.0,0.0
PC1283,0.0,0.0
PC1284,0.929457940661235,0.0
PC1285,0.0,0.0
PC1286,0.0,0.0
PC1287,0.0,0.0
PC1288,0.0,0.0
PC1289,0.0,0.0
PC1290,0.0,0.0
PC1291,1.13141995868376,0.0
PC1292,0.0,0.0
PC1293,0.0,0.0
PC1294,0.0,0.0
PC1295,0.0,0.0
PC1296,-0.540223507,0.0
PC1297,0.0,0.0
PC1298,0.0,0.0
PC1299,0.912597376559554,0.0
PC1300,-1.091402127,0.0
PC1301,0.0,0.0
PC1302,0.0,0.0
PC1303,0.0,0.0
PC1304,-0.009236006,0.0
PC1305,0.0,0.0
PC1306,0.0,0.0
PC1307,0.0,0.0
PC1308,0.0,0.0
PC1309,0.0,0.0
PC1310,0.0,0.0
PC1311,0.0,0.0
PC1312,0.0,0.0
PC1313,0.0,0.0
PC1314,0.0,0.0
PC1315,0.0,0.0
PC1316,0.0,0.0
PC1317,0.0,0.0
PC1318,0.0,0.0
PC1319,0.0,0.0
PC1320,0.0,0.0
PC1321,0.0,0.0
PC1322,0.0,0.0
PC1323,0.865773824206708,0.0
PC1324,0.0,0.0
PC1325,0.548498967686057,0.0
PC1326,0.0,0.0
PC1327,0.0,0.0
PC1328,0.0,0.0
PC1329,0.0,0.0
PC1330,0.0,0.0
PC1331,0.071709865,0.0
PC1332,0.0,0.0
PC1333,0.0,0.0
PC1334,0.0,0.0
PC1335,1.11691061865224,0.0
PC1336,0.0,0.0
PC1337,0.0,0.0
PC1338,0.0,0.0
PC1339,0.0,0.0
PC1340,0.0,0.0
PC1341,0.0,0.0
PC1342,0.0,0.0
PC1343,0.271858801955082,0.0
PC1344,0.0,0.0
PC1345,0.0,0.0
PC1346,0.0,0.0
PC1347,0.0,0.0
PC1348,0.0,0.0
PC1349,0.256631582493481,0.0
PC1350,0.0,0.0
PC1351,0.0,0.0
PC1352,0.0,0.0
PC1353,0.0,0.0
PC1354,0.280446761170564,0.0
PC1355,0.0,0.0
PC1356,1.07589809347013,0.0
PC1357,0.0,0.0
PC1358,0.0,0.0
PC1359,0.0,0.0
PC1360,0.0,0.0
PC1361,0.0,0.0
PC1362,0.0,0.0
PC1363,0.0,0.0
PC1364,0.0,0.0
PC1365,0.0,0.0
PC1366,1.00601412665367,0.0
PC1367,0.0,0.0
PC1368,0.0,0.0
PC1369,0.0,0.0
PC1370,0.0,0.0
PC1371,0.0,0.0
PC1372,0.0,0.0
PC1373,0.0,0.0
PC1374,0.0,0.0
PC1375,-0.085191744,0.0
PC1376,0.0,0.0
PC1377,0.0,0.0
PC1378,0.0,0.0
PC1379,1.02222148684275,0.0
PC1380,0.0,0.0
PC1381,0.0,0.0
PC1382,0.0,0.0
PC1383,0.0,0.0
PC1384,0.0,0.0
PC1385,0.0,0.0
PC1386,0.0,0.0
PC1387,1.52772693132966,0.0
PC1388,0.0,0.0
PC1389,0.0,0.0
PC1390,0.0,0.0
PC1391,0.0,0.0
PC1392,0.0,0.0
PC1393,1.24907935464914,0.0
PC1394,0.0,0.0
PC1395,0.547699938011316,0.0
PC1396,0.0,0.0
PC1397,0.0,0.0
PC1398,-0.434605518,0.0
PC1399,0.0,0.0
PC1400,0.0,0.0
PC1401,0.0,0.0
PC1402,-1.52917186,0.0
PC1403,0.0,0.0
PC1404,-0.612855693,0.0
PC1405,0.0,0.0
PC1406,0.0,0.0
PC1407,0.0,0.0
PC1408,0.0,0.0
PC1409,0.0,0.0
PC1410,0.618130168695154,0.0
PC1411,0.0,0.0
PC1412,0.0,0.0
PC1413,0.0,0.0
PC1414,0.0,0.0
PC1415,0.0,0.0
PC1416,0.0,0.0
PC1417,0.0,0.0
PC1418,0.0,0.0
PC1419,0.85987434850482,0.0
PC1420,1.24361300449127,0.0
PC1421,0.0,0.0
PC1422,0.0,0.0
PC1423,0.0,0.0
PC1424,-0.818754074,0.0
PC1425,0.0,0.0
PC1426,0.0,0.0
PC1427,0.0,0.0
PC1428,0.0,0.0
PC1429,0.0,0.0
PC1430,1.21794411643925,0.0
PC1431,-0.148597203,0.0
PC1432,0.0,0.0
PC1433,0.0,0.0
PC1434,0.0,0.0
PC1435,0.0,0.0
PC1436,0.0,0.0
PC1437,1.28712884462977,0.0
PC1438,0.0,0.0
PC1439,0.0,0.0
PC1440,0.0,0.0
PC1441,1.18750306494166,0.0
PC1442,0.0,0.0
PC1443,0.920455956,0.0
PC1444,0.0,0.0
PC1445,0.0,0.0
PC1446,0.0,0.0
PC1447,1.17293890100871,0.0
PC1448,-0.037383,0.0
PC1449,0.0,0.0
PC1450,0.0,0.0
PC1451,0.0,0.0
PC1452,0.0,0.0
PC1453,0.0,0.0
PC1454,0.0,0.0
PC1455,0.0,0.0
PC1456,0.0,0.0
PC1457,0.0,0.0
PC1458,0.0,0.0
PC1459,0.0,0.0
PC1460,0.0,0.0
PC1461,0.0,0.0
PC1462,0.0,0.0
PC1463,0.0,0.0
PC1464,0.0,0.0
PC1465,0.0,0.0
PC1466,0.0,0.0
PC1467,0.0,0.0
PC1468,0.0,0.0
PC1469,1.08082374393965,0.0
PC1470,0.0,0.0
PC1471,0.0,0.0
PC1472,0.0,0.0
PC1473,0.0,0.0
PC1474,0.0,0.0
PC1475,0.0,0.0
PC1476,0.0,0.0
PC1477,0.0,0.0
PC1478,0.0,0.0
PC1479,0.0,0.0
PC1480,0.0,0.0
PC1481,0.0,0.0
PC1482,0.0,0.0
PC1483,0.0,0.0
PC1484,0.0,0.0
PC1485,0.0,0.0
PC1486,0.0,0.0
PC1487,0.0,0.0
PC1488,0.0,0.0
PC1489,0.0,0.0
PC1490,0.0,0.0
PC1491,0.0,0.0
PC1492,0.0,0.0
PC1493,0.0,0.0
PC1494,0.0,0.0
PC1495,0.0,0.0
PC1496,0.0,0.0
PC1497,0.0,0.0
PC1498,0.0,0.0
PC1499,0.0,0.0
PC1500,0.0,0.0
PC1501,0.0,0.0
PC1502,1.00070748958653,0.0
PC1503,0.0,0.0
PC1504,0.0,0.0
PC1505,0.0,0.0
PC1506,0.0,0.0
PC1507,0.0,0.0
PC1508,0.0,0.0
PC1509,0.0,0.0
PC1510,0.0,0.0
PC1511,0.0,0.0
PC1512,0.0,0.0
PC1513,0.0,0.0
PC1514,0.0,0.0
PC1515,0.0,0.0
PC1516,-0.931672779,0.0
PC1517,0.0,0.0
PC1518,0.0,0.0
PC1519,0.0,0.0
PC1520,0.811612208491835,0.0
PC1521,0.0,0.0
PC1522,0.0,0.0
PC1523,0.0,0.0
PC1524,0.0,0.0
PC1525,0.0,0.0
PC1526,0.382237367734726,0.0
PC1527,0.0,0.0
PC1528,0.0,0.0
PC1529,0.0,0.0
PC1530,0.0,0.0
PC1531,0.0,0.0
PC1532,-0.273993418,0.0
PC1533,0.0,0.0
PC1534,0.0,0.0
PC1535,0.0,0.0
PC1536,0.0,0.0
PC1537,0.0,0.0
PC1538,0.0,0.0
PC1539,0.0,0.0
PC1540,0.0,0.0
PC1541,0.0,0.0
PC1542,0.0,0.0
PC1543,0.0,0.0
PC1544,0.0,0.0
PC1545,0.0,0.0
PC1546,0.0,0.0
PC1547,0.0,0.0
PC1548,0.0,0.0
PC1549,0.0,0.0
PC1550,0.0,0.0
PC1551,0.0,0.0
PC1552,0.0,0.0
PC1553,0.0,0.0
PC1554,0.0,0.0
PC1555,0.0,0.0
PC1556,0.0,0.0
PC1557,0.0,0.0
PC1558,0.0,0.0
PC1559,0.0,0.0
PC1560,-1.435760492,0.0
PC1561,0.0,0.0
PC1562,0.0,0.0
PC1563,0.0,0.0
PC1564,0.0,0.0
PC1565,0.0,0.0
PC1566,0.0,0.0
PC1567,0.0,0.0
PC1568,0.0,0.0
PC1569,0.917622646598714,0.0
PC1570,0.0,0.0
PC1571,0.0,0.0
PC1572,0.0,0.0
PC1573,0.0,0.0
PC1574,0.210069376494974,0.0
PC1575,0.0,0.0
PC1576,-0.395355375,0.0
PC1577,0.0,0.0
PC1578,-0.027122878,0.0
PC1579,0.0,0.0
PC1580,0.409638960159376,0.0
PC1581,-1.347852489,0.0
PC1582,0.0,0.0
PC1583,0.0,0.0
PC1584,0.0,0.0
PC1585,0.0,0.0
PC1586,0.0,0.0
PC1587,0.0,0.0
PC1588,0.0,0.0
PC1589,0.0,0.0
PC1590,0.0,0.0
PC1591,0.0,0.0
PC1592,0.0,0.0
PC1593,0.0,0.0
PC1594,0.0,0.0
PC1595,0.821150576224589,0.0
PC1596,0.0,0.0
PC1597,0.0,0.0
PC1598,0.0,0.0
PC1599,0.0,0.0
PC1600,0.0,0.0
PC1601,0.0,0.0
PC1602,0.0,0.0
PC1603,0.0,0.0
PC1604,0.0,0.0
PC1605,0.0,0.0
PC1606,0.0,0.0
PC1607,-0.263602843,0.0
PC1608,0.0,0.0
PC1609,0.0,0.0
PC1610,0.0,0.0
PC1611,0.0,0.0
PC1612,0.0,0.0
PC1613,0.0,0.0
PC1614,0.0,0.0
PC1615,0.0,0.0
PC1616,0.0,0.0
PC1617,-1.273795645,0.0
PC1618,0.0,0.0
PC1619,-0.995403959,0.0
PC1620,0.0,0.0
PC1621,0.0,0.0
PC1622,0.0,0.0
PC1623,0.0,0.0
PC1624,0.0,0.0
PC1625,0.0,0.0
PC1626,0.0,0.0
PC1627,0.0,0.0
PC1628,-0.109528048,0.0
PC1629,0.0,0.0
PC1630,-1.917392483,0.0
PC1631,0.922334786388307,0.0
PC1632,0.0,0.0
PC1633,0.0,0.0
PC1634,0.0,0.0
PC1635,-0.535441917,0.0
PC1636,0.0,0.0
PC1637,0.0,0.0
PC1638,0.0,0.0
PC1639,0.0,0.0
PC1640,0.0,0.0
PC1641,0.0,0.0
PC1642,0.0,0.0
PC1643,0.0,0.0
PC1644,0.0,0.0
PC1645,0.0,0.0
PC1646,1.50337457187587,0.0
PC1647,0.0,0.0
PC1648,0.0,0.0
PC1649,0.0,0.0
PC1650,0.0,0.0
PC1651,0.0,0.0
PC1652,0.0,0.0
PC1653,0.0,0.0
PC1654,0.0,0.0
PC1655,0.0,0.0
PC1656,0.0,0.0
PC1657,0.0,0.0
PC1658,0.0,0.0
PC1659,0.0,0.0
PC1660,0.357963681184555,0.0
PC1661,0.0,0.0
PC1662,0.979468802659437,0.0
PC1663,0.0,0.0
PC1664,0.0,0.0
PC1665,0.0,0.0
PC1666,-0.691980469,0.0
PC1667,0.0,0.0
PC1668,0.0,0.0
PC1669,0.0,0.0
PC1670,0.0,0.0
PC1671,0.0,0.0
PC1672,0.0,0.0
PC1673,0.0,0.0
PC1674,0.0,0.0
PC1675,0.0,0.0
PC1676,0.0,0.0
PC1677,0.0,0.0
PC1678,0.0,0.0
PC1679,0.0,0.0
PC1680,0.0,0.0
PC1681,0.0,0.0
PC1682,0.0,0.0
PC1683,0.0,0.0
PC1684,-1.492640077,0.0
PC1685,0.0,0.0
PC1686,0.0,0.0
PC1687,0.0,0.0
PC1688,0.0,0.0
PC1689,0.0,0.0
PC1690,0.0,0.0
PC1691,0.0,0.0
PC1692,0.0,0.0
PC1693,0.0,0.0
PC1694,0.0,0.0
PC1695,0.0,0.0
PC1696,0.0,0.0
PC1697,0.0,0.0
PC1698,0.0,0.0
PC1699,0.0,0.0
PC1700,0.0,0.0
PC1701,0.0,0.0
PC1702,0.0,0.0
PC1703,0.0,0.0
PC1704,0.378951907213657,0.0
PC1705,0.124940788946969,0.0
PC1706,-0.605902093,0.0
PC1707,0.0,0.0
PC1708,0.0,0.0
PC1709,-0.066267922,0.0
PC1710,0.0,0.0
PC1711,-0.853203262,0.0
PC1712,0.0,0.0
PC1713,0.0,0.0
PC1714,0.0,0.0
PC1715,0.0,0.0
PC1716,0.0,0.0
PC1717,0.0,0.0
PC1718,0.930241698431174,0.0
PC1719,0.0,0.0
PC1720,0.0,0.0
PC1721,0.0,0.0
PC1722,0.0,0.0
PC1723,0.0,0.0
PC1724,0.0,0.0
PC1725,0.765782774367835,0.0
PC1726,0.0,0.0
PC1727,0.0,0.0
PC1728,-0.804106641,0.0
PC1729,0.0,0.0
PC1730,0.0,0.0
PC1731,-0.864308219,0.0
PC1732,0.0,0.0
PC1733,0.0,0.0
PC1734,0.0,0.0
PC1735,0.0,0.0
PC1736,0.0,0.0
PC1737,0.0,0.0
PC1738,0.0,0.0
PC1739,-0.819783481,0.0
PC1740,0.0,0.0
PC1741,0.0,0.0
PC1742,0.0,0.0
PC1743,0.0,0.0
PC1744,0.0,0.0
PC1745,0.0,0.0
PC1746,0.0,0.0
PC1747,0.0,0.0
PC1748,0.0,0.0
PC1749,0.0,0.0
PC1750,0.0,0.0
PC1751,0.0,0.0
PC1752,0.0,0.0
PC1753,0.044982659,0.0
PC1754,0.0,0.0
PC1755,0.073847079,0.0
PC1756,0.0,0.0
PC1757,0.0,0.0
PC1758,0.0,0.0
PC1759,0.0,0.0
PC1760,0.0,0.0
PC1761,0.0,0.0
PC1762,0.0,0.0
PC1763,0.0,0.0
PC1764,0.0,0.0
PC1765,0.0,0.0
PC1766,0.0,0.0
PC1767,0.473640107790156,0.0
PC1768,0.231485377505256,0.0
PC1769,0.0,0.0
PC1770,0.0,0.0
PC1771,0.0,0.0
PC1772,1.41875489196694,0.0
PC1773,0.0,0.0
PC1774,0.0,0.0
PC1775,0.0,0.0
PC1776,0.0,0.0
PC1777,0.0,0.0
PC1778,0.0,0.0
PC1779,0.0,0.0
PC1780,-0.201693466,0.0
PC1781,0.0,0.0
PC1782,0.0,0.0
PC1783,0.0,0.0
PC1784,0.0,0.0
PC1785,0.0,0.0
PC1786,0.0,0.0
PC1787,0.0,0.0
PC1788,0.0,0.0
PC1789,0.0,0.0
PC1790,0.0,0.0
PC1791,1.10692589830371,0.0
PC1792,0.0,0.0
PC1793,0.0,0.0
PC1794,0.0,0.0
PC1795,0.0,0.0
PC1796,0.0,0.0
PC1797,0.0,0.0
PC1798,0.0,0.0
PC1799,0.0,0.0
PC1800,0.0,0.0
PC1801,0.0,0.0
PC1802,0.0,0.0
PC1803,0.0,0.0
PC1804,0.0,0.0
PC1805,0.0,0.0
PC1806,0.0,0.0
PC1807,0.0,0.0
PC1808,0.0,0.0
PC1809,0.0,0.0
PC1810,0.0,0.0
PC1811,0.390215801595279,0.0
PC1812,0.0,0.0
PC1813,0.0,0.0
PC1814,-1.035210918,0.0
PC1815,0.0,0.0
PC1816,0.0,0.0
PC1817,0.0,0.0
PC1818,0.0,0.0
PC1819,0.0,0.0
PC1820,0.0,0.0
PC1821,0.0,0.0
PC1822,0.0,0.0
PC1823,0.0,0.0
PC1824,0.0,0.0
PC1825,0.0,0.0
PC1826,0.0,0.0
PC1827,0.0,0.0
PC1828,0.0,0.0
PC1829,1.15137372250375,0.0
PC1830,0.0,0.0
PC1831,0.0,0.0
PC1832,0.0,0.0
PC1833,0.0,0.0
PC1834,0.0,0.0
PC1835,0.0,0.0
PC1836,0.0,0.0
PC1837,0.0,0.0
PC1838,0.0,0.0
PC1839,0.0,0.0
PC1840,0.0,0.0
PC1841,0.0,0.0
PC1842,0.0,0.0
PC1843,0.0,0.0
PC1844,0.0,0.0
PC1845,0.0,0.0
PC1846,0.0,0.0
PC1847,0.0,0.0
PC1848,0.0,0.0
PC1849,0.922989160148603,0.0
PC1850,0.0,0.0
PC1851,0.0,0.0
PC1852,0.0,0.0
PC1853,0.0,0.0
PC1854,0.0,0.0
PC1855,0.0,0.0
PC1856,0.0,0.0
PC1857,0.0,0.0
PC1858,0.0,0.0
PC1859,0.0,0.0
PC1860,0.0,0.0
PC1861,0.0,0.0
PC1862,0.0,0.0
PC1863,0.0,0.0
PC1864,0.0,0.0
PC1865,-0.288877596,0.0
PC1866,0.0,0.0
PC1867,0.0,0.0
PC1868,0.0,0.0
PC1869,0.0,0.0
PC1870,0.0,0.0
PC1871,0.0,0.0
PC1872,0.0,0.0
PC1873,0.0,0.0
PC1874,0.0,0.0
PC1875,-0.948332145,0.0
PC1876,0.0,0.0
PC1877,0.0,0.0
PC1878,0.0,0.0
PC1879,0.0,0.0
PC1880,0.0,0.0
PC1881,0.0,0.0
PC1882,0.0,0.0
PC1883,-1.043872043,0.0
PC1884,0.0,0.0
PC1885,0.0,0.0
PC1886,0.0,0.0
PC1887,0.0,0.0
PC1888,0.0,0.0
PC1889,0.0,0.0
PC1890,0.0,0.0
PC1891,0.0,0.0
PC1892,0.0,0.0
PC1893,0.0,0.0
PC1894,0.0,0.0
PC1895,0.0,0.0
PC1896,0.0,0.0
PC1897,0.0,0.0
PC1898,0.0,0.0
PC1899,0.0,0.0
PC1900,0.0,0.0
PC1901,0.0,0.0
PC1902,0.805683407792321,0.0
PC1903,0.0,0.0
PC1904,0.0,0.0
PC1905,-1.009513889,0.0
PC1906,0.0,0.0
PC1907,-0.234381121,0.0
PC1908,0.0,0.0
PC1909,0.0,0.0
PC1910,0.0,0.0
PC1911,0.0,0.0
PC1912,0.525380323,0.0
PC1913,0.0,0.0
PC1914,0.0,0.0
PC1915,0.0,0.0
PC1916,0.0,0.0
PC1917,0.0,0.0
PC1918,0.0,0.0
PC1919,0.0,0.0
PC1920,0.0,0.0
PC1921,0.0,0.0
PC1922,0.0,0.0
PC1923,0.0,0.0
PC1924,0.0,0.0
PC1925,0.0,0.0
PC1926,0.0,0.0
PC1927,0.0,0.0
PC1928,0.0,0.0
PC1929,0.0,0.0
PC1930,0.0,0.0
PC1931,0.0,0.0
PC1932,0.0,0.0
PC1933,0.0,0.0
PC1934,0.0,0.0
PC1935,0.0,0.0
PC1936,0.0,0.0
PC1937,0.0,0.0
PC1938,0.0,0.0
PC1939,0.0,0.0
PC1940,0.0,0.0
PC1941,0.0,0.0
PC1942,-0.108696957,0.0
PC1943,0.0,0.0
PC1944,0.0,0.0
PC1945,0.0,0.0
PC1946,0.964021695611162,0.0
PC1947,0.0,0.0
PC1948,-0.840403311,0.0
PC1949,0.0,0.0
PC1950,0.0,0.0
PC1951,-0.871730319,0.0
PC1952,0.0,0.0
PC1953,0.0,0.0
PC1954,0.0,0.0
PC1955,0.0,0.0
PC1956,0.0,0.0
PC1957,0.0,0.0
PC1958,0.0,0.0
PC1959,0.0,0.0
PC1960,0.0,0.0
PC1961,0.0,0.0
PC1962,0.0,0.0
PC1963,0.0,0.0
PC1964,0.0,0.0
PC1965,0.0,0.0
PC1966,0.495409769544864,0.0
PC1967,0.0,0.0
PC1968,0.0,0.0
PC1969,-0.921638262,0.0
PC1970,0.0,0.0
PC1971,0.0,0.0
PC1972,0.0,0.0
PC1973,0.0,0.0
PC1974,0.0,0.0
PC1975,0.433338721718415,0.0
PC1976,0.0,0.0
PC1977,0.0,0.0
PC1978,0.854105330201379,0.0
PC1979,0.0,0.0
PC1980,0.0,0.0
PC1981,-0.725096257,0.0
PC1982,0.0,0.0
PC1983,0.0,0.0
PC1984,0.0,0.0
PC1985,0.334169584690146,0.0
PC1986,0.0,0.0
PC1987,0.0,0.0
PC1988,0.0,0.0
PC1989,0.0,0.0
PC1990,-0.066630594,0.0
PC1991,0.0,0.0
PC1992,0.0,0.0
PC1993,0.0,0.0
PC1994,1.3935346881558,0.0
PC1995,0.0,0.0
PC1996,0.0,0.0
PC1997,0.0,0.0
PC1998,0.0,0.0
PC1999,0.922306047567225,0.0
PC2000,0.0,0.0
PC2001,0.0,0.0
PC2002,0.968473625161029,0.0
PC2003,0.0,0.0
PC2004,0.0,0.0
PC2005,0.0,0.0
PC2006,0.0,0.0
PC2007,0.0,0.0
PC2008,0.0,0.0
PC2009,0.0,0.0
PC2010,-1.199841897,0.0
PC2011,0.0,0.0
PC2012,0.0,0.0
PC2013,0.0,0.0
PC2014,0.0,0.0
PC2015,0.0,0.0
PC2016,0.0,0.0
PC2017,0.0,0.0
PC2018,0.0,0.0
PC2019,0.352779560398989,0.0
PC2020,0.0595344783905525,0.0
PC2021,0.0,0.0
PC2022,0.0,0.0
PC2023,0.0,0.0
PC2024,-1.14797599,0.0
PC2025,0.0,0.0
PC2026,0.0,0.0
PC2027,0.0,0.0
PC2028,0.0,0.0
PC2029,0.0,0.0
PC2030,0.0,0.0
PC2031,0.0,0.0
PC2032,0.0,0.0
PC2033,0.0,0.0
PC2034,0.0,0.0
PC2035,0.0,0.0
PC2036,0.983780000140686,0.0
PC2037,0.0,0.0
PC2038,0.0,0.0
PC2039,0.0,0.0
PC2040,-0.444860902,0.0
PC2041,0.0,0.0
PC2042,1.08509873777911,0.0
PC2043,0.0,0.0
PC2044,0.0,0.0
PC2045,0.0,0.0
PC2046,0.0,0.0
PC2047,0.0,0.0
PC2048,0.0,0.0
PC2049,0.0,0.0
PC2050,-2.153011288,0.0
PC2051,0.0,0.0
PC2052,0.0,0.0
PC2053,0.0,0.0
PC2054,0.0,0.0
PC2055,0.0,0.0
PC2056,0.0,0.0
PC2057,0.0,0.0
PC2058,-0.78669295,0.0
PC2059,0.0,0.0
PC2060,0.0,0.0
PC2061,0.0,0.0
PC2062,0.0,0.0
PC2063,-1.400934291,0.0
PC2064,0.0,0.0
PC2065,0.0,0.0
PC2066,0.0,0.0
PC2067,0.0,0.0
PC2068,0.0,0.0
PC2069,0.0,0.0
PC2070,0.0,0.0
PC2071,0.0,0.0
PC2072,0.0,0.0
PC2073,0.0,0.0
PC2074,-1.140482814,0.0
PC2075,0.0,0.0
PC2076,0.0,0.0
PC2077,0.0,0.0
PC2078,0.0,0.0
PC2079,0.0,0.0
PC2080,-0.338748661,0.0
PC2081,0.0,0.0
PC2082,0.0,0.0
PC2083,0.0,0.0
PC2084,0.0,0.0
PC2085,0.0,0.0
PC2086,0.0,0.0
PC2087,0.0,0.0
PC2088,0.0,0.0
PC2089,-0.915307029,0.0
PC2090,0.0,0.0
PC2091,0.0,0.0
PC2092,0.0,0.0
PC2093,0.0,0.0
PC2094,0.0,0.0
PC2095,0.0,0.0
PC2096,0.0,0.0
PC2097,0.0,0.0
PC2098,0.0,0.0
PC2099,0.0,0.0
PC2100,0.0,0.0
PC2101,0.0,0.0
PC2102,-0.274333248,0.0
PC2103,0.0,0.0
PC2104,0.0,0.0
PC2105,0.0,0.0
PC2106,0.0,0.0
PC2107,0.0,0.0
PC2108,0.0,0.0
PC2109,0.0,0.0
PC2110,0.0,0.0
PC2111,0.0,0.0
PC2112,-0.336835028,0.0
PC2113,0.0,0.0
PC2114,0.0,0.0
PC2115,0.0,0.0
PC2116,0.0,0.0
PC2117,1.03469820476364,0.0
PC2118,0.0,0.0
PC2119,0.0,0.0
PC2120,0.0,0.0
PC2121,0.448542946,0.0
PC2122,0.0,0.0
PC2123,0.0,0.0
PC2124,0.0,0.0
PC2125,0.0,0.0
PC2126,0.0,0.0
PC2127,0.0,0.0
PC2128,-0.096894696,0.0
PC2129,0.0,0.0
PC2130,0.0,0.0
PC2131,0.0,0.0
PC2132,0.0,0.0
PC2133,0.0,0.0
PC2134,0.0,0.0
PC2135,0.0,0.0
PC2136,0.0,0.0
PC2137,0.0,0.0
PC2138,0.0,0.0
PC2139,0.0,0.0
PC2140,0.0,0.0
PC2141,0.0,0.0
PC2142,0.0,0.0
PC2143,0.0,0.0
PC2144,0.0,0.0
PC2145,0.0,0.0
PC2146,-1.226695614,0.0
PC2147,0.0,0.0
PC2148,0.0,0.0
PC2149,0.0,0.0
PC2150,0.0,0.0
PC2151,0.0,0.0
PC2152,0.0,0.0
PC2153,0.0,0.0
PC2154,0.0,0.0
PC2155,0.0,0.0
PC2156,0.0,0.0
PC2157,0.0,0.0
PC2158,0.0,0.0
PC2159,0.0,0.0
PC2160,0.0,0.0
PC2161,0.0,0.0
PC2162,0.0,0.0
PC2163,-0.229385789,0.0
PC2164,0.0,0.0
PC2165,0.0,0.0
PC2166,0.0,0.0
PC2167,0.0,0.0
PC2168,0.0,0.0
PC2169,0.0,0.0
PC2170,0.0,0.0
PC2171,0.0,0.0
PC2172,0.0,0.0
PC2173,0.0,0.0
PC2174,0.0,0.0
PC2175,0.0,0.0
PC2176,0.0,0.0
PC2177,0.0,0.0
PC2178,0.165085360939033,0.0
PC2179,0.0,0.0
PC2180,0.0,0.0
PC2181,0.404425237882114,0.0
PC2182,0.0,0.0
PC2183,0.027680579696914,0.0
PC2184,0.0,0.0
PC2185,0.0,0.0
PC2186,0.0,0.0
PC2187,0.0,0.0
PC2188,0.0,0.0
PC2189,-1.366980164,0.0
PC2190,0.0,0.0
PC2191,0.0,0.0
PC2192,0.0,0.0
PC2193,0.0,0.0
PC2194,0.0,0.0
PC2195,0.0,0.0
PC2196,0.0,0.0
PC2197,1.214401577,0.0
PC2198,0.0,0.0
PC2199,-0.562708793,0.0
PC2200,0.0,0.0
PC2201,0.0,0.0
PC2202,0.0,0.0
PC2203,0.0,0.0
PC2204,0.0,0.0
PC2205,0.0,0.0
PC2206,0.289893508442198,0.0
PC2207,0.0,0.0
PC2208,0.0,0.0
PC2209,0.0,0.0
PC2210,0.0,0.0
PC2211,0.64803505509182,0.0
PC2212,0.0,0.0
PC2213,0.0,0.0
PC2214,0.0,0.0
PC2215,0.0,0.0
PC2216,-1.003934717,0.0
PC2217,0.0,0.0
PC2218,0.0,0.0
PC2219,0.0,0.0
PC2220,0.0,0.0
PC2221,0.0,0.0
PC2222,0.0,0.0
PC2223,0.0,0.0
PC2224,0.0,0.0
PC2225,0.0,0.0
PC2226,0.0,0.0
PC2227,0.0,0.0
PC2228,0.0,0.0
PC2229,0.0,0.0
PC2230,0.0,0.0
PC2231,0.0,0.0
PC2232,0.0,0.0
PC2233,0.0,0.0
PC2234,0.0,0.0
PC2235,0.0,0.0
PC2236,0.0,0.0
PC2237,0.0,0.0
PC2238,0.0,0.0
PC2239,0.0,0.0
PC2240,0.0,0.0
PC2241,0.0,0.0
PC2242,0.0,0.0
PC2243,0.0,0.0
PC2244,0.0,0.0
PC2245,0.0,0.0
PC2246,0.0,0.0
PC2247,-1.088453593,0.0
PC2248,0.0,0.0
PC2249,0.0,0.0
PC2250,0.0,0.0
PC2251,0.0,0.0
PC2252,0.0,0.0
PC2253,0.0,0.0
PC2254,0.0,0.0
PC2255,0.0,0.0
PC2256,0.0,0.0
PC2257,0.0,0.0
PC2258,0.0,0.0
PC2259,0.0,0.0
PC2260,0.0,0.0
PC2261,0.0,0.0
PC2262,0.0,0.0
PC2263,0.0,0.0
PC2264,0.0,0.0
PC2265,0.0,0.0
PC2266,0.0,0.0
PC2267,0.0,0.0
PC2268,-0.598497749,0.0
PC2269,0.0,0.0
PC2270,0.0,0.0
PC2271,0.0,0.0
PC2272,0.0,0.0
PC2273,0.0,0.0
PC2274,0.0,0.0
PC2275,-1.256557728,0.0
PC2276,0.0,0.0
PC2277,-0.755598839,0.0
PC2278,0.0,0.0
PC2279,0.0,0.0
PC2280,0.0,0.0
PC2281,-1.549988711,0.0
PC2282,0.0,0.0
PC2283,0.0,0.0
PC2284,0.0,0.0
PC2285,0.0,0.0
PC2286,0.0,0.0
PC2287,0.0,0.0
PC2288,0.0,0.0
PC2289,0.0,0.0
PC2290,0.0,0.0
PC2291,0.0,0.0
PC2292,0.0,0.0
PC2293,0.0,0.0
PC2294,0.0,0.0
PC2295,0.0,0.0
PC2296,0.0,0.0
PC2297,0.0,0.0
PC2298,0.0,0.0
PC2299,1.02163401323025,0.0
PC2300,0.0,0.0
PC2301,0.0,0.0
PC2302,0.0,0.0
PC2303,0.0,0.0
PC2304,0.0,0.0
PC2305,0.0,0.0
PC2306,0.0,0.0
PC2307,0.0,0.0
PC2308,-0.447377522,0.0
PC2309,0.0,0.0
PC2310,0.0,0.0
PC2311,1.82564160536994,0.0
PC2312,0.0,0.0
PC2313,0.0,0.0
PC2314,0.0,0.0
PC2315,0.0,0.0
PC2316,0.0,0.0
PC2317,0.0,0.0
PC2318,0.0,0.0
PC2319,0.0,0.0
PC2320,0.0,0.0
PC2321,0.0,0.0
PC2322,0.0,0.0
PC2323,0.0,0.0
PC2324,0.825369677781565,0.0
PC2325,0.894295485302601,0.0
PC2326,0.0,0.0
PC2327,0.0,0.0
PC2328,0.0,0.0
PC2329,0.0,0.0
PC2330,0.0,0.0
PC2331,0.0,0.0
PC2332,0.0,0.0
PC2333,0.0,0.0
PC2334,0.0,0.0
PC2335,0.0,0.0
PC2336,0.0,0.0
PC2337,0.0,0.0
PC2338,0.0,0.0
PC2339,0.0,0.0
PC2340,0.0,0.0
PC2341,0.0,0.0
PC2342,0.0,0.0
PC2343,0.0,0.0
PC2344,0.0,0.0
PC2345,0.0,0.0
PC2346,0.0,0.0
PC2347,0.077149109,0.0
PC2348,0.0,0.0
PC2349,0.0,0.0
PC2350,0.0,0.0
PC2351,0.0,0.0
PC2352,-0.944984082,0.0
PC2353,0.0,0.0
PC2354,0.0,0.0
PC2355,0.0,0.0
PC2356,0.0,0.0
PC2357,0.0,0.0
PC2358,0.0,0.0
PC2359,0.0,0.0
PC2360,0.0,0.0
PC2361,0.0,0.0
PC2362,0.0,0.0
PC2363,0.0,0.0
PC2364,0.0,0.0
PC2365,0.0,0.0
PC2366,0.0,0.0
PC2367,0.876938135432746,0.0
PC2368,0.0,0.0
PC2369,0.0,0.0
PC2370,0.0,0.0
PC2371,0.0,0.0
PC2372,0.0,0.0
PC2373,0.0,0.0
PC2374,0.0,0.0
PC2375,0.0,0.0
PC2376,0.0,0.0
PC2377,0.0,0.0
PC2378,0.0,0.0
PC2379,0.0,0.0
PC2380,0.0,0.0
PC2381,0.0,0.0
PC2382,0.0,0.0
PC2383,-0.514398363,0.0
PC2384,1.0640902371203,0.0
PC2385,-0.477721555,0.0
PC2386,0.0,0.0
PC2387,0.0,0.0
PC2388,0.0,0.0
PC2389,0.0,0.0
PC2390,0.0,0.0
PC2391,0.0,0.0
PC2392,0.0,0.0
PC2393,0.0,0.0
PC2394,0.0,0.0
PC2395,-0.153725296,0.0
PC2396,0.0,0.0
PC2397,0.0,0.0
PC2398,0.0,0.0
PC2399,0.0,0.0
PC2400,0.0,0.0
PC2401,0.0,0.0
PC2402,0.0,0.0
PC2403,0.0,0.0
PC2404,0.0,0.0
PC2405,0.0,0.0
PC2406,0.0,0.0
PC2407,0.0,0.0
PC2408,0.0,0.0
PC2409,-0.126953876,0.0
PC2410,0.0,0.0
PC2411,0.0,0.0
PC2412,0.0,0.0
PC2413,0.0,0.0
PC2414,0.0,0.0
PC2415,0.0,0.0
PC2416,0.0,0.0
PC2417,0.0,0.0
PC2418,-0.908306029,0.0
PC2419,0.0,0.0
PC2420,0.0,0.0
PC2421,0.0,0.0
PC2422,0.0,0.0
PC2423,0.0,0.0
PC2424,0.0,0.0
PC2425,0.0,0.0
PC2426,0.0,0.0
PC2427,0.0,0.0
PC2428,0.0,0.0
PC2429,0.0,0.0
PC2430,0.0,0.0
PC2431,0.0,0.0
PC2432,0.0,0.0
PC2433,0.0,0.0
PC2434,0.0,0.0
PC2435,0.0,0.0
PC2436,0.0,0.0
PC2437,0.0,0.0
PC2438,0.0,0.0
PC2439,0.0,0.0
PC2440,0.0,0.0
PC2441,0.0,0.0
PC2442,0.787279436719193,0.0
PC2443,0.0,0.0
PC2444,0.0,0.0
PC2445,0.0,0.0
PC2446,0.0,0.0
PC2447,0.0,0.0
PC2448,0.0,0.0
PC2449,1.16134241697131,0.0
PC2450,0.0,0.0
PC2451,0.0,0.0
PC2452,0.0,0.0
PC2453,0.0,0.0
PC2454,0.0,0.0
PC2455,0.0,0.0
PC2456,0.0,0.0
PC2457,0.0,0.0
PC2458,0.0,0.0
PC2459,0.0,0.0
PC2460,0.0,0.0
PC2461,0.0,0.0
PC2462,0.0,0.0
PC2463,0.0,0.0
PC2464,0.0,0.0
PC2465,0.0,0.0
PC2466,0.0,0.0
PC2467,0.0,0.0
PC2468,0.733656943350389,0.0
PC2469,0.0,0.0
PC2470,0.0,0.0
PC2471,0.0,0.0
PC2472,0.0,0.0
PC2473,0.0,0.0
PC2474,0.0,0.0
PC2475,0.0,0.0
PC2476,0.0,0.0
PC2477,0.0,0.0
PC2478,0.0,0.0
PC2479,0.0,0.0
PC2480,0.0,0.0
PC2481,0.0,0.0
PC2482,0.0,0.0
PC2483,0.0,0.0
PC2484,0.0,0.0
PC2485,0.0,0.0
PC2486,0.0,0.0
PC2487,0.0,0.0
PC2488,0.0,0.0
PC2489,0.0,0.0
PC2490,0.0,0.0
PC2491,0.0,0.0
PC2492,0.0,0.0
PC2493,0.0,0.0
PC2494,0.0,0.0
PC2495,0.0,0.0
PC2496,0.0,0.0
PC2497,0.0,0.0
PC2498,0.0,0.0
PC2499,0.0,0.0
PC2500,0.0,0.0
PC2501,0.0,0.0
PC2502,0.0,0.0
PC2503,-0.281640431,0.0
PC2504,0.0,0.0
PC2505,-0.270085585,0.0
PC2506,0.0,0.0
PC2507,0.0,0.0
PC2508,0.0,0.0
PC2509,-1.485542831,0.0
PC2510,0.0,0.0
PC2511,0.0,0.0
PC2512,0.0,0.0
PC2513,0.0,0.0
PC2514,0.0,0.0
PC2515,0.0,0.0
PC2516,0.0,0.0
PC2517,0.0,0.0
PC2518,0.0,0.0
PC2519,0.0,0.0
PC2520,0.0,0.0
PC2521,0.0,0.0
PC2522,0.0,0.0
PC2523,0.0,0.0
PC2524,0.0,0.0
PC2525,-1.599746079,0.0
PC2526,0.0,0.0
PC2527,0.740793807029334,0.0
PC2528,0.0,0.0
PC2529,0.0,0.0
PC2530,0.0,0.0
PC2531,0.0,0.0
PC2532,0.0,0.0
PC2533,0.0,0.0
PC2534,0.0,0.0
PC2535,0.0,0.0
PC2536,0.0,0.0
PC2537,0.0,0.0
PC2538,-1.798666783,0.0
PC2539,0.0,0.0
PC2540,0.0,0.0
PC2541,0.0,0.0
PC2542,0.0,0.0
PC2543,1.38612459392704,0.0
PC2544,-0.232685459,0.0
PC2545,0.0,0.0
PC2546,0.0,0.0
PC2547,0.933816131456437,0.0
PC2548,0.0,0.0
PC2549,0.0,0.0
PC2550,0.0,0.0
PC2551,0.0,0.0
PC2552,0.0,0.0
PC2553,0.0,0.0
PC2554,0.0,0.0
PC2555,0.0,0.0
PC2556,0.0,0.0
PC2557,0.0,0.0
PC2558,0.0,0.0
PC2559,0.0,0.0
PC2560,0.0,0.0
PC2561,0.0,0.0
PC2562,0.0,0.0
PC2563,0.0,0.0
PC2564,0.0,0.0
PC2565,0.0,0.0
PC2566,0.0,0.0
PC2567,1.11483003119153,0.0
PC2568,0.0,0.0
PC2569,0.0,0.0
PC2570,0.0,0.0
PC2571,0.0,0.0
PC2572,0.0,0.0
PC2573,0.989571530589117,0.0
PC2574,0.0,0.0
PC2575,0.0,0.0
PC2576,0.0,0.0
PC2577,0.0,0.0
PC2578,0.0,0.0
PC2579,0.0,0.0
PC2580,0.0,0.0
PC2581,0.0,0.0
PC2582,0.0,0.0
PC2583,0.0,0.0
PC2584,0.0,0.0
PC2585,0.0,0.0
PC2586,0.0,0.0
PC2587,0.0,0.0
PC2588,0.0,0.0
PC2589,0.0,0.0
PC2590,0.0,0.0
PC2591,0.0,0.0
PC2592,0.0,0.0
PC2593,0.0,0.0
PC2594,0.0,0.0
PC2595,0.0,0.0
PC2596,0.0,0.0
PC2597,0.0,0.0
PC2598,0.0,0.0
PC2599,0.0,0.0
PC2600,0.0,0.0
PC2601,0.0,0.0
PC2602,-1.205308383,0.0
PC2603,0.0,0.0
PC2604,0.0,0.0
PC2605,0.0,0.0
PC2606,0.0,0.0
PC2607,1.047935632,0.0
PC2608,0.0,0.0
PC2609,0.0,0.0
PC2610,0.0,0.0
PC2611,0.0,0.0
PC2612,0.0,0.0
PC2613,0.0,0.0
PC2614,0.0,0.0
PC2615,0.0,0.0
PC2616,0.0,0.0
PC2617,0.0,0.0
PC2618,0.0,0.0
PC2619,0.0,0.0
PC2620,0.0,0.0
PC2621,0.410328273663847,0.0
PC2622,0.0,0.0
PC2623,0.0,0.0
PC2624,0.0,0.0
PC2625,0.0,0.0
PC2626,0.0,0.0
PC2627,0.0,0.0
PC2628,0.0,0.0
PC2629,0.0,0.0
PC2630,0.0,0.0
PC2631,0.0,0.0
PC2632,0.0,0.0
PC2633,0.0,0.0
PC2634,0.0,0.0
PC2635,0.0,0.0
PC2636,0.0,0.0
PC2637,0.0,0.0
PC2638,0.0,0.0
PC2639,0.0,0.0
PC2640,0.0,0.0
PC2641,0.0,0.0
PC2642,0.0,0.0
PC2643,0.0,0.0
PC2644,0.0,0.0
PC2645,0.0,0.0
PC2646,0.0,0.0
PC2647,0.0,0.0
PC2648,0.0,0.0
PC2649,0.0,0.0
PC2650,0.0,0.0
PC2651,0.0,0.0
PC2652,0.0,0.0
PC2653,0.0,0.0
PC2654,0.0,0.0
PC2655,0.0,0.0
PC2656,0.0,0.0
PC2657,0.0,0.0
PC2658,0.319186213205574,0.0
PC2659,0.0,0.0
PC2660,0.0,0.0
PC2661,0.0,0.0
PC2662,0.0,0.0
PC2663,0.0,0.0
PC2664,0.0,0.0
PC2665,0.0,0.0
PC2666,0.742007832626037,0.0
PC2667,0.0,0.0
PC2668,0.0,0.0
PC2669,0.0,0.0
PC2670,0.0,0.0
PC2671,0.0,0.0
PC2672,0.0,0.0
PC2673,0.0,0.0
PC2674,0.0,0.0
PC2675,0.0,0.0
PC2676,0.0,0.0
PC2677,0.0,0.0
PC2678,0.0,0.0
PC2679,0.0,0.0
PC2680,0.0,0.0
PC2681,0.0,0.0
PC2682,0.0,0.0
PC2683,0.0,0.0
PC2684,0.0,0.0
PC2685,0.0,0.0
PC2686,0.0,0.0
PC2687,0.0,0.0
PC2688,0.0,0.0
PC2689,1.0775006511175,0.0
PC2690,0.0,0.0
PC2691,0.0,0.0
PC2692,-0.910515438,0.0
PC2693,0.0,0.0
PC2694,0.0,0.0
PC2695,0.0,0.0
PC2696,-0.691129701,0.0
PC2697,0.0,0.0
PC2698,0.0,0.0
PC2699,0.0,0.0
PC2700,0.0,0.0
PC2701,-1.099813093,0.0
PC2702,0.716161035794994,0.0
PC2703,0.0,0.0
PC2704,0.0,0.0
PC2705,0.0,0.0
PC2706,0.0,0.0
PC2707,0.0,0.0
PC2708,0.0,0.0
PC2709,0.0,0.0
PC2710,0.0,0.0
PC2711,0.0,0.0
PC2712,0.0,0.0
PC2713,-0.963251643,0.0
PC2714,1.57701928870374,0.0
PC2715,0.0,0.0
PC2716,0.0,0.0
PC2717,0.0,0.0
PC2718,0.0,0.0
PC2719,0.0,0.0
PC2720,0.0,0.0
PC2721,0.0,0.0
PC2722,0.0,0.0
PC2723,0.0,0.0
PC2724,0.0,0.0
PC2725,0.0,0.0
PC2726,0.0,0.0
PC2727,0.0,0.0
PC2728,0.0,0.0
PC2729,-1.147317743,0.0
PC2730,0.0,0.0
PC2731,0.0,0.0
PC2732,-1.741090747,0.0
PC2733,0.0,0.0
PC2734,0.0,0.0
PC2735,0.0,0.0
PC2736,0.0,0.0
PC2737,0.0,0.0
PC2738,0.0,0.0
PC2739,0.0,0.0
PC2740,0.0,0.0
PC2741,0.0,0.0
PC2742,0.0,0.0
PC2743,0.0,0.0
PC2744,0.0,0.0
PC2745,0.0,0.0
PC2746,0.0,0.0
PC2747,0.0,0.0
PC2748,0.0,0.0
PC2749,0.0,0.0
PC2750,0.0,0.0
PC2751,0.0,0.0
PC2752,0.0,0.0
PC2753,0.0,0.0
PC2754,-0.924409584,0.0
PC2755,0.0,0.0
PC2756,0.0,0.0
PC2757,-0.80646973,0.0
PC2758,0.0,0.0
PC2759,0.0,0.0
PC2760,0.0,0.0
PC2761,0.0,0.0
PC2762,0.0,0.0
PC2763,-0.908766384,0.0
PC2764,0.0,0.0
PC2765,0.0,0.0
PC2766,0.728496951399086,0.0
PC2767,0.0,0.0
PC2768,0.0,0.0
PC2769,0.0,0.0
PC2770,0.0,0.0
PC2771,0.0,0.0
PC2772,0.0,0.0
PC2773,0.0,0.0
PC2774,0.0,0.0
PC2775,0.0,0.0
PC2776,0.0,0.0
PC2777,0.0,0.0
PC2778,0.0,0.0
PC2779,0.0,0.0
PC2780,0.0,0.0
PC2781,1.15884771134593,0.0
PC2782,0.0,0.0
PC2783,0.0,0.0
PC2784,0.0,0.0
PC2785,0.0,0.0
PC2786,0.678775006450845,0.0
PC2787,0.0,0.0
PC2788,0.0,0.0
PC2789,0.0,0.0
PC2790,-1.404364247,0.0
PC2791,0.0,0.0
PC2792,0.0,0.0
PC2793,0.0,0.0
PC2794,0.0,0.0
PC2795,0.0,0.0
PC2796,0.0,0.0
PC2797,0.0,0.0
PC2798,0.0,0.0
PC2799,0.0,0.0
PC2800,0.0,0.0
PC2801,0.0,0.0
PC2802,0.0,0.0
PC2803,0.0,0.0
PC2804,0.0,0.0
PC2805,0.0,0.0
PC2806,0.0,0.0
PC2807,1.01364331636792,0.0
PC2808,0.0,0.0
PC2809,0.914009709358302,0.0
PC2810,0.0,0.0
PC2811,0.0,0.0
PC2812,0.0,0.0
PC2813,0.0,0.0
PC2814,0.0,0.0
PC2815,0.0,0.0
PC2816,0.0,0.0
PC2817,0.0,0.0
PC2818,0.0,0.0
PC2819,0.991069134467962,0.0
PC2820,0.0,0.0
PC2821,0.0,0.0
PC2822,0.0,0.0
PC2823,0.0,0.0
PC2824,0.0,0.0
PC2825,0.0,0.0
PC2826,0.0,0.0
PC2827,0.0,0.0
PC2828,0.0,0.0
PC2829,0.0,0.0
PC2830,0.0,0.0
PC2831,0.0,0.0
PC2832,0.777528745,0.0
PC2833,0.0,0.0
PC2834,-0.977980378,0.0
PC2835,0.0,0.0
PC2836,0.0,0.0
PC2837,0.0,0.0
PC2838,0.0,0.0
PC2839,0.0,0.0
PC2840,0.0,0.0
PC2841,0.0,0.0
PC2842,0.0,0.0
PC2843,0.0,0.0
PC2844,0.0,0.0
PC2845,0.0,0.0
PC2846,0.0,0.0
PC2847,0.481946486418708,0.0
PC2848,0.0,0.0
PC2849,0.0,0.0
PC2850,0.0,0.0
PC2851,0.0,0.0
PC2852,0.0,0.0
PC2853,0.0,0.0
PC2854,0.0,0.0
PC2855,0.0,0.0
PC2856,1.24522402906828,0.0
PC2857,0.0,0.0
PC2858,0.0,0.0
PC2859,0.0,0.0
PC2860,0.0,0.0
PC2861,0.0,0.0
PC2862,0.0,0.0
PC2863,0.0,0.0
PC2864,0.0,0.0
PC2865,0.0,0.0
PC2866,-1.39844873,0.0
PC2867,0.0,0.0
PC2868,0.0,0.0
PC2869,0.0,0.0
PC2870,0.392289798440295,0.0
PC2871,0.0,0.0
PC2872,0.0,0.0
PC2873,0.0,0.0
PC2874,0.0,0.0
PC2875,0.0,0.0
PC2876,0.0,0.0
PC2877,0.0,0.0
PC2878,0.0,0.0
PC2879,0.0,0.0
PC2880,0.0,0.0
PC2881,0.0,0.0
PC2882,0.0,0.0
PC2883,0.0,0.0
PC2884,0.0,0.0
PC2885,0.0,0.0
PC2886,0.0,0.0
PC2887,0.0,0.0
PC2888,0.0,0.0
PC2889,0.0,0.0
PC2890,-1.524881807,0.0
PC2891,0.0,0.0
PC2892,0.0,0.0
PC2893,0.0,0.0
PC2894,-2.142397009,0.0
PC2895,0.0,0.0
PC2896,0.0,0.0
PC2897,0.0,0.0
PC2898,0.0,0.0
PC2899,0.0,0.0
PC2900,1.14149495438818,0.0
PC2901,0.0,0.0
PC2902,0.0,0.0
PC2903,0.0,0.0
PC2904,0.0,0.0
PC2905,0.0,0.0
PC2906,0.0,0.0
PC2907,0.0,0.0
PC2908,0.0,0.0
PC2909,0.0,0.0
PC2910,0.0262202950963976,0.0
PC2911,0.0,0.0
PC2912,0.0,0.0
PC2913,0.0,0.0
PC2914,-0.409197555,0.0
PC2915,0.89876009606622,0.0
PC2916,0.0,0.0
PC2917,0.0,0.0
PC2918,-0.073427798,0.0
PC2919,0.0,0.0
PC2920,0.0,0.0
PC2921,0.0,0.0
PC2922,0.0,0.0
PC2923,0.0,0.0
PC2924,0.0,0.0
PC2925,0.0,0.0
PC2926,0.0,0.0
PC2927,0.0,0.0
PC2928,0.0,0.0
PC2929,0.0,0.0
PC2930,0.0,0.0
PC2931,-0.539631704,0.0
PC2932,0.0,0.0
PC2933,0.0,0.0
PC2934,-0.389243983,0.0
PC2935,0.0,0.0
PC2936,0.0,0.0
PC2937,0.919262905937894,0.0
PC2938,0.0,0.0
PC2939,0.0,0.0
PC2940,0.0,0.0
PC2941,0.0,0.0
PC2942,0.0,0.0
PC2943,0.0,0.0
PC2944,0.0,0.0
PC2945,0.0,0.0
PC2946,0.0,0.0
PC2947,0.0,0.0
PC2948,0.0,0.0
PC2949,0.0,0.0
PC2950,0.0,0.0
PC2951,0.0,0.0
PC2952,1.22699447372465,0.0
PC2953,0.0,0.0
PC2954,0.0,0.0
PC2955,0.0,0.0
PC2956,0.0,0.0
PC2957,0.0,0.0
PC2958,0.0,0.0
PC2959,0.0,0.0
PC2960,0.0,0.0
PC2961,0.0,0.0
PC2962,0.0,0.0
PC2963,0.0,0.0
PC2964,0.0,0.0
PC2965,0.0,0.0
PC2966,0.0,0.0
PC2967,0.0,0.0
PC2968,0.0,0.0
PC2969,0.0,0.0
PC2970,0.0,0.0
PC2971,0.0,0.0
PC2972,0.0,0.0
PC2973,1.43463355758507,0.0
PC2974,0.0,0.0
PC2975,0.763523917,0.0
PC2976,0.0,0.0
PC2977,0.0,0.0
PC2978,0.0,0.0
PC2979,0.0,0.0
PC2980,0.0,0.0
PC2981,0.955806986916846,0.0
PC2982,0.0,0.0
PC2983,0.0,0.0
PC2984,0.0,0.0
PC2985,0.0,0.0
PC2986,-0.09093571,0.0
PC2987,-0.707724869,0.0
PC2988,0.0,0.0
PC2989,0.0,0.0
PC2990,1.11477381962257,0.0
PC2991,0.0,0.0
PC2992,0.0,0.0
PC2993,0.0,0.0
PC2994,0.0,0.0
PC2995,0.0,0.0
PC2996,-0.735684112,0.0
PC2997,0.0,0.0
PC2998,0.0,0.0
PC2999,0.0,0.0
PC3000,0.0,0.0
PC3001,0.0,0.0
PC3002,0.0,0.0
PC3003,0.0,0.0
PC3004,0.0,0.0
PC3005,0.0,0.0
PC3006,0.0,0.0
PC3007,0.0,0.0
PC3008,0.0,0.0
PC3009,-0.480846042,0.0
PC3010,0.0,0.0
PC3011,0.0,0.0
PC3012,0.0,0.0
PC3013,0.0,0.0
PC3014,1.0107771789962,0.0
PC3015,-0.885573054,0.0
PC3016,0.0,0.0
PC3017,0.0,0.0
PC3018,-0.079256087,0.0
PC3019,0.0,0.0
PC3020,0.0,0.0
PC3021,0.0,0.0
PC3022,0.0,0.0
PC3023,0.0,0.0
PC3024,0.0,0.0
PC3025,0.122075014507401,0.0
PC3026,0.0,0.0
PC3027,0.0,0.0
PC3028,0.0,0.0
PC3029,0.0,0.0
PC3030,0.0,0.0
PC3031,0.0,0.0
PC3032,0.0,0.0
PC3033,0.0,0.0
PC3034,0.0,0.0
PC3035,0.0,0.0
PC3036,0.0,0.0
PC3037,0.0,0.0
PC3038,0.0,0.0
PC3039,0.0,0.0
PC3040,0.0,0.0
PC3041,0.0,0.0
PC3042,0.0,0.0
PC3043,0.0,0.0
PC3044,0.0,0.0
PC3045,0.0,0.0
PC3046,0.0,0.0
PC3047,-0.076128532,0.0
PC3048,0.0,0.0
PC3049,0.0,0.0
PC3050,0.0,0.0
PC3051,0.0,0.0
PC3052,0.0,0.0
PC3053,0.0,0.0
PC3054,0.0,0.0
PC3055,0.0,0.0
PC3056,0.0,0.0
PC3057,0.0,0.0
PC3058,0.0,0.0
PC3059,-0.865909722,0.0
PC3060,1.12651587023189,0.0
PC3061,0.0,0.0
PC3062,-0.358448857,0.0
PC3063,0.0,0.0
PC3064,0.0,0.0
PC3065,0.0,0.0
PC3066,-0.243104544,0.0
PC3067,0.0,0.0
PC3068,0.0,0.0
PC3069,0.0,0.0
PC3070,0.0,0.0
PC3071,0.0,0.0
PC3072,0.0,0.0
PC3073,0.0,0.0
PC3074,0.0,0.0
PC3075,0.0,0.0
PC3076,0.998648633692594,0.0
PC3077,0.0,0.0
PC3078,0.0,0.0
PC3079,0.0,0.0
PC3080,0.0,0.0
PC3081,0.0,0.0
PC3082,0.0,0.0
PC3083,0.0,0.0
PC3084,0.0,0.0
PC3085,0.0,0.0
PC3086,0.0,0.0
PC3087,0.0,0.0
PC3088,0.0,0.0
PC3089,0.0,0.0
PC3090,0.0,0.0
PC3091,0.0,0.0
PC3092,0.0,0.0
PC3093,0.0,0.0
PC3094,0.0,0.0
PC3095,0.0,0.0
PC3096,0.0,0.0
PC3097,0.0,0.0
PC3098,0.0,0.0
PC3099,0.0,0.0
PC3100,0.0,0.0
PC3101,0.0,0.0
PC3102,0.0,0.0
PC3103,0.0,0.0
PC3104,0.0,0.0
PC3105,0.0,0.0
PC3106,0.0,0.0
PC3107,1.35324236770725,0.0
PC3108,0.0,0.0
PC3109,0.0,0.0
PC3110,0.0,0.0
PC3111,0.0,0.0
PC3112,0.0,0.0
PC3113,0.0,0.0
PC3114,0.0,0.0
PC3115,0.0,0.0
PC3116,0.0,0.0
PC3117,0.0,0.0
PC3118,0.0,0.0
PC3119,0.0,0.0
PC3120,0.0,0.0
PC3121,0.0,0.0
PC3122,0.99359823609481,0.0
PC3123,0.0,0.0
PC3124,0.0,0.0
PC3125,0.0,0.0
PC3126,0.0,0.0
PC3127,0.0,0.0
PC3128,0.0,0.0
PC3129,0.0,0.0
PC3130,0.0,0.0
PC3131,0.0,0.0
PC3132,0.0,0.0
PC3133,0.0,0.0
PC3134,0.0,0.0
PC3135,0.0,0.0
PC3136,0.0,0.0
PC3137,0.0,0.0
PC3138,0.0,0.0
PC3139,0.0,0.0
PC3140,0.0,0.0
PC3141,0.0,0.0
PC3142,0.51267837162313,0.0
PC3143,0.0,0.0
PC3144,0.0,0.0
PC3145,1.01441660980429,0.0
PC3146,0.0,0.0
PC3147,0.0,0.0
PC3148,0.0,0.0
PC3149,0.0,0.0
PC3150,0.0,0.0
PC3151,0.0,0.0
PC3152,0.0,0.0
PC3153,0.0,0.0
PC3154,0.0,0.0
PC3155,0.0,0.0
PC3156,0.0,0.0
PC3157,0.0,0.0
PC3158,0.0,0.0
PC3159,0.0,0.0
PC3160,0.0,0.0
PC3161,0.0,0.0
PC3162,0.0,0.0
PC3163,0.0,0.0
PC3164,0.0,0.0
PC3165,0.0,0.0
PC3166,0.0,0.0
PC3167,0.0,0.0
PC3168,0.0,0.0
PC3169,0.0,0.0
PC3170,0.0,0.0
PC3171,0.245688447846095,0.0
PC3172,0.0,0.0
PC3173,0.0,0.0
PC3174,0.0,0.0
PC3175,0.781789861602833,0.0
PC3176,0.0,0.0
PC3177,0.0,0.0
PC3178,0.0,0.0
PC3179,1.19767338619748,0.0
PC3180,0.0,0.0
PC3181,0.0,0.0
PC3182,0.0,0.0
PC3183,0.0,0.0
PC3184,0.0,0.0
PC3185,-0.823250494,0.0
PC3186,0.0,0.0
PC3187,0.0,0.0
PC3188,0.0,0.0
PC3189,0.0,0.0
PC3190,0.0,0.0
PC3191,0.0,0.0
PC3192,0.0,0.0
PC3193,0.0,0.0
PC3194,0.0,0.0
PC3195,0.0,0.0
PC3196,0.0,0.0
PC3197,0.0,0.0
PC3198,0.0,0.0
PC3199,0.0,0.0
PC3200,0.0,0.0
PC3201,0.0,0.0
PC3202,0.0,0.0
PC3203,0.0,0.0
PC3204,0.0,0.0
PC3205,0.0,0.0
PC3206,0.0,0.0
PC3207,0.0,0.0
PC3208,0.0,0.0
PC3209,0.0,0.0
PC3210,0.0,0.0
PC3211,0.0,0.0
PC3212,0.0,0.0
PC3213,0.0,0.0
PC3214,0.0,0.0
PC3215,0.0,0.0
PC3216,0.0,0.0
PC3217,0.0,0.0
PC3218,0.0,0.0
PC3219,0.0,0.0
PC3220,0.0,0.0
PC3221,0.0,0.0
PC3222,0.0,0.0
PC3223,0.0,0.0
PC3224,0.293235973291184,0.0
PC3225,0.0,0.0
PC3226,0.0,0.0
PC3227,0.0,0.0
PC3228,0.0,0.0
PC3229,0.0,0.0
PC3230,0.0,0.0
PC3231,0.0,0.0
PC3232,0.0,0.0
PC3233,0.0,0.0
PC3234,0.0,0.0
PC3235,0.0,0.0
PC3236,0.0,0.0
PC3237,0.0,0.0
PC3238,0.0,0.0
PC3239,0.0,0.0
PC3240,0.0,0.0
PC3241,-0.583633292,0.0
PC3242,0.0,0.0
PC3243,0.0,0.0
PC3244,0.0,0.0
PC3245,0.0,0.0
PC3246,0.0,0.0
PC3247,0.0,0.0
PC3248,-1.178811025,0.0
PC3249,1.04970685602477,0.0
PC3250,0.0,0.0
PC3251,0.0,0.0
PC3252,0.0,0.0
PC3253,0.0,0.0
PC3254,0.0,0.0
PC3255,0.0,0.0
PC3256,0.0,0.0
PC3257,0.0,0.0
PC3258,0.0,0.0
PC3259,0.0,0.0
PC3260,0.0,0.0
PC3261,0.0,0.0
PC3262,0.0,0.0
PC3263,-1.574978974,0.0
PC3264,0.0,0.0
PC3265,0.0,0.0
PC3266,0.0,0.0
PC3267,0.0,0.0
PC3268,0.0,0.0
PC3269,0.0,0.0
PC3270,0.0,0.0
PC3271,0.0,0.0
PC3272,0.0,0.0
PC3273,0.0,0.0
PC3274,0.0,0.0
PC3275,0.0,0.0
PC3276,0.0,0.0
PC3277,0.0,0.0
PC3278,0.0,0.0
PC3279,0.0,0.0
PC3280,0.0,0.0
PC3281,0.0,0.0
PC3282,0.0,0.0
PC3283,0.0,0.0
PC3284,0.0,0.0
PC3285,0.0,0.0
PC3286,0.0,0.0
PC3287,0.0,0.0
PC3288,0.0,0.0
PC3289,0.0,0.0
PC3290,0.0,0.0
PC3291,0.0,0.0
PC3292,0.0,0.0
PC3293,0.0,0.0
PC3294,0.0,0.0
PC3295,0.0,0.0
PC3296,0.109862966277593,0.0
PC3297,0.0,0.0
PC3298,0.0,0.0
PC3299,0.0,0.0
PC3300,0.0,0.0
PC3301,0.0,0.0
PC3302,0.0,0.0
PC3303,0.0,0.0
PC3304,0.0,0.0
PC3305,0.0,0.0
PC3306,0.0,0.0
PC3307,-0.905065834,0.0
PC3308,0.0,0.0
PC3309,0.0,0.0
PC3310,0.0,0.0
PC3311,0.0,0.0
PC3312,1.01837424564582,0.0
PC3313,0.0,0.0
PC3314,0.0,0.0
PC3315,0.0,0.0
PC3316,0.0,0.0
PC3317,0.0,0.0
PC3318,0.0,0.0
PC3319,0.0,0.0
PC3320,0.0,0.0
PC3321,0.0,0.0
PC3322,0.0,0.0
PC3323,0.0,0.0
PC3324,0.0,0.0
PC3325,0.0,0.0
PC3326,0.0,0.0
PC3327,0.0,0.0
PC3328,0.0,0.0
PC3329,0.0,0.0
PC3330,0.0,0.0
PC3331,0.0,0.0
PC3332,0.0,0.0
PC3333,0.0,0.0
PC3334,0.0,0.0
PC3335,0.0,0.0
PC3336,0.0,0.0
PC3337,0.0,0.0
PC3338,0.0,0.0
PC3339,0.0,0.0
PC3340,0.0,0.0
PC3341,0.0,0.0
PC3342,0.0,0.0
PC3343,0.0,0.0
PC3344,0.0,0.0
PC3345,0.0,0.0
PC3346,0.0,0.0
PC3347,0.0,0.0
PC3348,0.0,0.0
PC3349,0.0,0.0
PC3350,0.0,0.0
PC3351,-1.617470677,0.0
PC3352,0.0,0.0
PC3353,0.0,0.0
PC3354,0.0,0.0
PC3355,0.0,0.0
PC3356,0.0,0.0
PC3357,0.0,0.0
PC3358,0.0,0.0
PC3359,0.0,0.0
PC3360,0.0,0.0
PC3361,0.0,0.0
PC3362,0.0,0.0
PC3363,0.0,0.0
PC3364,0.0,0.0
PC3365,0.0,0.0
PC3366,0.0,0.0
PC3367,0.0,0.0
PC3368,0.0,0.0
PC3369,0.382102539418136,0.0
PC3370,0.0,0.0
PC3371,0.0,0.0
PC3372,0.0,0.0
PC3373,0.0,0.0
PC3374,0.0,0.0
PC3375,0.0,0.0
PC3376,-0.30143748,0.0
PC3377,0.0,0.0
PC3378,0.0,0.0
PC3379,0.0,0.0
PC3380,0.0,0.0
PC3381,0.0,0.0
PC3382,0.0,0.0
PC3383,0.0,0.0
PC3384,0.0,0.0
PC3385,-1.579921305,0.0
PC3386,0.329604889089537,0.0
PC3387,0.0,0.0
PC3388,0.0,0.0
PC3389,0.0,0.0
PC3390,0.0,0.0
PC3391,0.0,0.0
PC3392,0.0,0.0
PC3393,0.0,0.0
PC3394,0.0,0.0
PC3395,0.0,0.0
PC3396,0.0,0.0
PC3397,0.0,0.0
PC3398,0.0,0.0
PC3399,0.0,0.0
PC3400,0.0,0.0
PC3401,0.0,0.0
PC3402,0.0,0.0
PC3403,0.0,0.0
PC3404,0.0,0.0
PC3405,0.0,0.0
PC3406,0.0,0.0
PC3407,0.0,0.0
PC3408,0.0,0.0
PC3409,0.0,0.0
PC3410,0.0,0.0
PC3411,0.0,0.0
PC3412,0.0,0.0
PC3413,0.0,0.0
PC3414,0.0,0.0
PC3415,0.0,0.0
PC3416,0.0,0.0
PC3417,0.0,0.0
PC3418,0.0,0.0
PC3419,0.0,0.0
PC3420,0.0,0.0
PC3421,0.0,0.0
PC3422,0.0,0.0
PC3423,0.0,0.0
PC3424,0.0,0.0
PC3425,0.0,0.0
PC3426,0.0,0.0
PC3427,0.0,0.0
PC3428,0.0,0.0
PC3429,0.0,0.0
PC3430,0.0,0.0
PC3431,0.0,0.0
PC3432,0.0,0.0
PC3433,0.0,0.0
PC3434,0.0,0.0
PC3435,1.21048090030785,0.0
PC3436,0.0,0.0
PC3437,0.0,0.0
PC3438,0.0,0.0
PC3439,0.0,0.0
PC3440,0.0,0.0
PC3441,0.0,0.0
PC3442,0.0,0.0
PC3443,0.0,0.0
PC3444,-0.424137085,0.0
PC3445,0.0,0.0
PC3446,0.0,0.0
PC3447,0.0,0.0
PC3448,0.0,0.0
PC3449,0.0,0.0
PC3450,0.0,0.0
PC3451,0.0,0.0
PC3452,0.0,0.0
PC3453,0.0,0.0
PC3454,0.0,0.0
PC3455,0.0,0.0
PC3456,0.0,0.0
PC3457,0.0,0.0
PC3458,0.0,0.0
PC3459,0.0,0.0
PC3460,0.0,0.0
PC3461,-1.834319859,0.0
PC3462,0.0,0.0
PC3463,0.0,0.0
PC3464,0.0,0.0
PC3465,0.0,0.0
PC3466,0.0,0.0
PC3467,0.0,0.0
PC3468,0.0,0.0
PC3469,0.0,0.0
PC3470,0.0,0.0
PC3471,0.0,0.0
PC3472,0.0,0.0
PC3473,0.0,0.0
PC3474,0.0,0.0
PC3475,0.0,0.0
PC3476,0.0,0.0
PC3477,0.0,0.0
PC3478,0.0,0.0
PC3479,0.0,0.0
PC3480,0.0,0.0
PC3481,0.0,0.0
PC3482,0.0,0.0
PC3483,0.453126506911438,0.0
PC3484,1.69024285367867,0.0
PC3485,0.0,0.0
PC3486,0.0,0.0
PC3487,0.0,0.0
PC3488,0.0,0.0
PC3489,-0.95342418,0.0
PC3490,0.0,0.0
PC3491,0.0,0.0
PC3492,0.0,0.0
PC3493,0.0,0.0
PC3494,0.0,0.0
PC3495,0.0,0.0
PC3496,0.0,0.0
PC3497,0.0,0.0
PC3498,0.0,0.0
PC3499,0.0,0.0
PC3500,0.0,0.0
PC3501,0.0,0.0
PC3502,0.0,0.0
PC3503,0.0,0.0
PC3504,0.0,0.0
PC3505,0.0,0.0
PC3506,0.0,0.0
PC3507,0.0,0.0
PC3508,0.0,0.0
PC3509,0.0,0.0
PC3510,0.0,0.0
PC3511,0.743345373067346,0.0
PC3512,0.0,0.0
PC3513,-1.333923082,0.0
PC3514,-0.242610259,0.0
PC3515,0.0,0.0
PC3516,0.0,0.0
PC3517,0.0,0.0
PC3518,0.0,0.0
PC3519,0.0,0.0
PC3520,0.0,0.0
PC3521,0.0,0.0
PC3522,0.0,0.0
PC3523,0.0,0.0
PC3524,0.0,0.0
PC3525,0.0,0.0
PC3526,0.0,0.0
PC3527,0.0,0.0
PC3528,0.0,0.0
PC3529,0.0,0.0
PC3530,0.0,0.0
PC3531,0.0,0.0
PC3532,0.0,0.0
PC3533,0.0,0.0
PC3534,-0.723779791,0.0
PC3535,0.0,0.0
PC3536,0.0,0.0
PC3537,0.0,0.0
PC3538,0.0,0.0
PC3539,0.0,0.0
PC3540,-0.788364698,0.0
PC3541,0.0,0.0
PC3542,0.0,0.0
PC3543,0.0,0.0
PC3544,0.0,0.0
PC3545,0.0,0.0
PC3546,0.0,0.0
PC3547,0.0,0.0
PC3548,0.0,0.0
PC3549,0.0,0.0
PC3550,0.0,0.0
PC3551,0.0,0.0
PC3552,0.0,0.0
PC3553,0.0,0.0
PC3554,0.475353145879116,0.0
PC3555,0.0,0.0
PC3556,0.865950767038318,0.0
PC3557,0.0,0.0
PC3558,0.0,0.0
PC3559,0.0,0.0
PC3560,0.0,0.0
PC3561,0.0,0.0
PC3562,0.0,0.0
PC3563,0.0,0.0
PC3564,0.0,0.0
PC3565,0.0,0.0
PC3566,0.0,0.0
PC3567,0.0,0.0
PC3568,0.0,0.0
PC3569,0.0,0.0
PC3570,0.0,0.0
PC3571,0.0,0.0
PC3572,0.0,0.0
PC3573,0.0,0.0
PC3574,0.0,0.0
PC3575,0.0,0.0
PC3576,0.0,0.0
PC3577,0.0,0.0
PC3578,0.0,0.0
PC3579,0.0,0.0
PC3580,0.0,0.0
PC3581,0.0,0.0
PC3582,0.0,0.0
PC3583,0.0,0.0
PC3584,0.0,0.0
PC3585,0.0,0.0
PC3586,0.0,0.0
PC3587,0.0,0.0
PC3588,0.0,0.0
PC3589,0.0,0.0
PC3590,0.0,0.0
PC3591,0.0,0.0
PC3592,0.0,0.0
PC3593,0.0,0.0
PC3594,0.0,0.0
PC3595,0.0,0.0
PC3596,0.0,0.0
PC3597,0.0,0.0
PC3598,0.0,0.0
PC3599,0.0,0.0
PC3600,0.0,0.0
PC3601,0.0,0.0
PC3602,0.0,0.0
PC3603,0.0,0.0
PC3604,0.0,0.0
PC3605,0.0,0.0
PC3606,0.0,0.0
PC3607,0.0,0.0
PC3608,0.0,0.0
PC3609,0.0,0.0
PC3610,0.0,0.0
PC3611,0.0,0.0
PC3612,0.0,0.0
PC3613,-0.736231156,0.0
PC3614,0.0,0.0
PC3615,0.0,0.0
PC3616,0.0,0.0
PC3617,0.0,0.0
PC3618,0.0,0.0
PC3619,0.0,0.0
PC3620,0.0,0.0
PC3621,1.18228898970977,0.0
PC3622,0.0,0.0
PC3623,0.0,0.0
PC3624,0.0,0.0
PC3625,0.0,0.0
PC3626,0.0,0.0
PC3627,0.0,0.0
PC3628,0.0,0.0
PC3629,0.0,0.0
PC3630,0.0,0.0
PC3631,0.0,0.0
PC3632,0.0,0.0
PC3633,0.0,0.0
PC3634,0.0,0.0
PC3635,0.0,0.0
PC3636,0.0,0.0
PC3637,0.0,0.0
PC3638,0.0,0.0
PC3639,0.0,0.0
PC3640,0.0,0.0
PC3641,0.0,0.0
PC3642,0.0,0.0
PC3643,0.0,0.0
PC3644,0.0,0.0
PC3645,0.0,0.0
PC3646,0.0,0.0
PC3647,0.0,0.0
PC3648,0.0,0.0
PC3649,0.0,0.0
PC3650,0.0,0.0
PC3651,0.0,0.0
PC3652,0.0,0.0
PC3653,0.883529871,0.0
PC3654,0.0,0.0
PC3655,0.0,0.0
PC3656,0.0,0.0
PC3657,0.0,0.0
PC3658,0.0,0.0
PC3659,0.0,0.0
PC3660,0.0,0.0
PC3661,0.0,0.0
PC3662,-0.733772255,0.0
PC3663,0.0,0.0
PC3664,0.0,0.0
PC3665,0.0,0.0
PC3666,0.0,0.0
PC3667,-0.114516566,0.0
PC3668,0.0,0.0
PC3669,0.0,0.0
PC3670,0.0,0.0
PC3671,0.0,0.0
PC3672,0.0,0.0
PC3673,0.0,0.0
PC3674,0.0,0.0
PC3675,0.0,0.0
PC3676,0.0,0.0
PC3677,0.0,0.0
PC3678,0.0,0.0
PC3679,0.0,0.0
PC3680,0.0,0.0
PC3681,0.0,0.0
PC3682,0.0,0.0
PC3683,0.0,0.0
PC3684,0.0,0.0
PC3685,0.0,0.0
PC3686,0.0,0.0
PC3687,0.0,0.0
PC3688,0.0,0.0
PC3689,0.0,0.0
PC3690,0.0,0.0
PC3691,0.0,0.0
PC3692,1.12819564488809,0.0
PC3693,0.0,0.0
PC3694,0.0,0.0
PC3695,0.0,0.0
PC3696,1.45093610681843,0.0
PC3697,0.0,0.0
PC3698,0.0,0.0
PC3699,-1.295390642,0.0
PC3700,0.0,0.0
PC3701,0.0,0.0
PC3702,0.0,0.0
PC3703,0.0,0.0
PC3704,0.0,0.0
PC3705,0.0,0.0
PC3706,0.0,0.0
PC3707,0.0,0.0
PC3708,0.0,0.0
PC3709,0.0,0.0
PC3710,0.882633980917817,0.0
PC3711,0.0,0.0
PC3712,0.0,0.0
PC3713,0.0,0.0
PC3714,0.0,0.0
PC3715,0.0,0.0
PC3716,0.0,0.0
PC3717,0.0,0.0
PC3718,0.0,0.0
PC3719,0.0,0.0
PC3720,0.0,0.0
PC3721,1.04879650045514,0.0
PC3722,0.0,0.0
PC3723,0.0,0.0
PC3724,0.0,0.0
PC3725,0.0,0.0
PC3726,0.0,0.0
PC3727,0.0,0.0
PC3728,0.0,0.0
PC3729,0.0,0.0
PC3730,0.0,0.0
PC3731,-1.10971504,0.0
PC3732,0.0,0.0
PC3733,0.0,0.0
PC3734,0.0,0.0
PC3735,0.0,0.0
PC3736,0.0,0.0
PC3737,0.0,0.0
PC3738,0.0,0.0
PC3739,0.0,0.0
PC3740,0.0,0.0
PC3741,0.0,0.0
PC3742,0.0,0.0
PC3743,0.0,0.0
PC3744,0.0,0.0
PC3745,0.0,0.0
PC3746,0.0,0.0
PC3747,0.0,0.0
PC3748,0.0,0.0
PC3749,0.0,0.0
PC3750,0.0,0.0
PC3751,0.0,0.0
PC3752,0.0,0.0
PC3753,0.0,0.0
PC3754,0.0,0.0
PC3755,0.0,0.0
PC3756,0.0,0.0
PC3757,0.0,0.0
PC3758,0.0,0.0
PC3759,0.0,0.0
PC3760,0.0,0.0
PC3761,0.0,0.0
PC3762,0.0,0.0
PC3763,0.0,0.0
PC3764,0.0,0.0
PC3765,0.0,0.0
PC3766,0.151552200738877,0.0
PC3767,0.0,0.0
PC3768,0.0,0.0
PC3769,0.0,0.0
PC3770,0.0,0.0
PC3771,0.0,0.0
PC3772,0.0,0.0
PC3773,0.0,0.0
PC3774,0.0,0.0
PC3775,0.0,0.0
PC3776,0.0,0.0
PC3777,0.0,0.0
PC3778,0.0,0.0
PC3779,0.0,0.0
PC3780,-1.585921818,0.0
PC3781,0.0,0.0
PC3782,-0.711353655,0.0
PC3783,0.0,0.0
PC3784,0.0,0.0
PC3785,0.0,0.0
PC3786,0.0,0.0
PC3787,0.0,0.0
PC3788,0.0,0.0
PC3789,0.0,0.0
PC3790,0.0,0.0
PC3791,0.0,0.0
PC3792,0.0,0.0
PC3793,0.0,0.0
PC3794,0.0,0.0
PC3795,0.0,0.0
PC3796,0.0,0.0
PC3797,0.0,0.0
PC3798,0.0,0.0
PC3799,0.0,0.0
PC3800,0.0,0.0
PC3801,1.60210624474529,0.0
PC3802,0.0,0.0
PC3803,0.0,0.0
PC3804,0.0,0.0
PC3805,0.0,0.0
PC3806,0.0,0.0
PC3807,0.0,0.0
PC3808,-0.908184135,0.0
PC3809,0.0,0.0
PC3810,0.780629504,0.0
PC3811,0.0,0.0
PC3812,0.0,0.0
PC3813,0.0,0.0
PC3814,0.0,0.0
PC3815,0.0,0.0
PC3816,0.0,0.0
PC3817,0.0,0.0
PC3818,0.0,0.0
PC3819,0.0,0.0
PC3820,0.0,0.0
PC3821,0.0,0.0
PC3822,0.0,0.0
PC3823,0.0,0.0
PC3824,0.0,0.0
PC3825,0.0,0.0
PC3826,0.0,0.0
PC3827,0.0,0.0
PC3828,0.0,0.0
PC3829,0.0,0.0
PC3830,0.0,0.0
PC3831,-0.234850836,0.0
PC3832,0.0,0.0
PC3833,0.0,0.0
PC3834,0.0,0.0
PC3835,0.0,0.0
PC3836,0.0,0.0
PC3837,0.0,0.0
PC3838,-0.956885939,0.0
PC3839,0.0,0.0
PC3840,0.0,0.0
PC3841,0.0,0.0
PC3842,0.0,0.0
PC3843,0.0,0.0
PC3844,1.94329810986541,0.0
PC3845,0.0,0.0
PC3846,0.0,0.0
PC3847,0.0,0.0
PC3848,0.0,0.0
PC3849,0.0,0.0
PC3850,0.0,0.0
PC3851,0.0,0.0
PC3852,0.0,0.0
PC3853,0.0,0.0
PC3854,0.0,0.0
PC3855,0.0,0.0
PC3856,0.0,0.0
PC3857,0.0,0.0
PC3858,0.0,0.0
PC3859,0.0,0.0
PC3860,0.0,0.0
PC3861,0.0,0.0
PC3862,0.0,0.0
PC3863,0.0,0.0
PC3864,0.0,0.0
PC3865,0.0,0.0
PC3866,0.0,0.0
PC3867,0.0,0.0
PC3868,0.0,0.0
PC3869,0.0,0.0
PC3870,0.0,0.0
PC3871,0.0,0.0
PC3872,0.0,0.0
PC3873,0.0,0.0
PC3874,0.0,0.0
PC3875,0.0,0.0
PC3876,0.0,0.0
PC3877,-2.316493714,0.0
PC3878,0.0,0.0
PC3879,0.0,0.0
PC3880,0.0,0.0
PC3881,0.0,0.0
PC3882,0.0,0.0
PC3883,0.882423888,0.0
PC3884,0.0,0.0
PC3885,0.0,0.0
PC3886,0.0,0.0
PC3887,0.0,0.0
PC3888,0.0,0.0
PC3889,0.0,0.0
PC3890,0.0,0.0
PC3891,0.0,0.0
PC3892,0.0,0.0
PC3893,0.0,0.0
PC3894,0.0,0.0
PC3895,0.0,0.0
PC3896,0.0,0.0
PC3897,0.0,0.0
PC3898,0.0,0.0
PC3899,0.0,0.0
PC3900,0.0,0.0
PC3901,0.0,0.0
PC3902,0.0,0.0
PC3903,0.0,0.0
PC3904,0.0,0.0
PC3905,0.0,0.0
PC3906,0.0,0.0
PC3907,0.0,0.0
PC3908,0.0,0.0
PC3909,0.0,0.0
PC3910,0.221611111989414,0.0
PC3911,0.0,0.0
PC3912,0.0,0.0
PC3913,0.0,0.0
PC3914,0.0,0.0
PC3915,0.0,0.0
PC3916,0.0,0.0
PC3917,0.0,0.0
PC3918,0.0,0.0
PC3919,0.0,0.0
PC3920,0.0,0.0
PC3921,0.0,0.0
PC3922,0.0,0.0
PC3923,0.0,0.0
PC3924,0.0,0.0
PC3925,0.0,0.0
PC3926,0.0,0.0
PC3927,0.0,0.0
PC3928,0.0,0.0
PC3929,2.62055790593098,0.0
PC3930,0.0,0.0
PC3931,0.0,0.0
PC3932,0.0,0.0
PC3933,0.0,0.0
PC3934,0.0,0.0
PC3935,0.0,0.0
PC3936,0.0,0.0
PC3937,0.0,0.0
PC3938,0.0,0.0
PC3939,0.0,0.0
PC3940,0.0,0.0
PC3941,0.0,0.0
PC3942,0.0,0.0
PC3943,-1.201805869,0.0
PC3944,0.0,0.0
PC3945,0.0,0.0
PC3946,0.0,0.0
PC3947,0.0,0.0
PC3948,0.0,0.0
PC3949,0.0,0.0
PC3950,0.0,0.0
PC3951,0.0,0.0
PC3952,1.72744083081769,0.0
PC3953,0.0,0.0
PC3954,0.0,0.0
PC3955,0.0,0.0
PC3956,0.0,0.0
PC3957,0.0,0.0
PC3958,0.0,0.0
PC3959,0.0,0.0
PC3960,-1.660040584,0.0
PC3961,0.396341661072213,0.0
PC3962,0.0,0.0
PC3963,0.0,0.0
PC3964,0.0,0.0
PC3965,0.0,0.0
PC3966,0.0,0.0
PC3967,0.0,0.0
PC3968,0.0,0.0
PC3969,0.730473230781066,0.0
PC3970,0.0,0.0
PC3971,0.0,0.0
PC3972,0.0,0.0
PC3973,0.0,0.0
PC3974,0.0,0.0
PC3975,-1.570844969,0.0
PC3976,0.0,0.0
PC3977,0.0,0.0
PC3978,0.0,0.0
PC3979,0.0,0.0
PC3980,0.0,0.0
PC3981,0.0,0.0
PC3982,0.0,0.0
PC3983,0.0,0.0
PC3984,0.0,0.0
PC3985,0.0,0.0
PC3986,0.0,0.0
PC3987,0.0,0.0
PC3988,0.0,0.0
PC3989,0.0,0.0
PC3990,0.0,0.0
PC3991,0.0,0.0
PC3992,0.0,0.0
PC3993,0.0,0.0
PC3994,0.0,0.0
PC3995,0.0,0.0
PC3996,0.0,0.0
PC3997,0.0,0.0
PC3998,0.0,0.0
PC3999,0.0,0.0
PC4000,0.0,0.0
PC4001,0.0,0.0
PC4002,0.0,0.0
PC4003,0.0,0.0
PC4004,0.0,0.0
PC4005,0.0,0.0
PC4006,0.0,0.0
PC4007,0.0,0.0
PC4008,0.0,0.0
PC4009,0.0,0.0
PC4010,0.0,0.0
PC4011,0.0,0.0
PC4012,0.0,0.0
PC4013,0.0,0.0
PC4014,0.0,0.0
PC4015,0.0,0.0
PC4016,0.0,0.0
PC4017,0.0,0.0
PC4018,0.0,0.0
PC4019,0.0,0.0
PC4020,0.0,0.0
PC4021,0.0,0.0
PC4022,0.0,0.0
PC4023,0.0,0.0
PC4024,0.0,0.0
PC4025,0.201661699936789,0.0
PC4026,0.0,0.0
PC4027,0.0,0.0
PC4028,0.0,0.0
PC4029,0.0,0.0
PC4030,0.0,0.0
PC4031,0.0,0.0
PC4032,0.0,0.0
PC4033,0.0,0.0
PC4034,0.0,0.0
PC4035,0.0,0.0
PC4036,0.0,0.0
PC4037,0.384225644942344,0.0
PC4038,0.0,0.0
PC4039,0.0,0.0
PC4040,0.0,0.0
PC4041,0.0,0.0
PC4042,0.0,0.0
PC4043,0.0,0.0
PC4044,0.0,0.0
PC4045,0.0,0.0
PC4046,0.0,0.0
PC4047,0.0,0.0
PC4048,0.0,0.0
PC4049,0.0,0.0
PC4050,0.0,0.0
PC4051,0.0,0.0
PC4052,0.0,0.0
PC4053,0.0,0.0
PC4054,0.0,0.0
PC4055,0.0,0.0
PC4056,0.0,0.0
PC4057,0.0,0.0
PC4058,0.0,0.0
PC4059,0.0,0.0
PC4060,0.0,0.0
PC4061,0.0,0.0
PC4062,0.0,0.0
PC4063,0.0,0.0
PC4064,0.0,0.0
PC4065,0.0,0.0
PC4066,0.0,0.0
PC4067,0.0,0.0
PC4068,0.0,0.0
PC4069,0.0,0.0
PC4070,0.0,0.0
PC4071,0.0,0.0
PC4072,0.0,0.0
PC4073,0.0,0.0
PC4074,0.0,0.0
PC4075,0.0,0.0
PC4076,0.0,0.0
PC4077,0.0,0.0
PC4078,0.0,0.0
PC4079,0.0,0.0
PC4080,0.0,0.0
PC4081,0.0,0.0
PC4082,0.0,0.0
PC4083,0.0,0.0
PC4084,0.0,0.0
PC4085,0.0,0.0
PC4086,0.0,0.0
PC4087,0.0,0.0
PC4088,0.0,0.0
PC4089,0.0,0.0
PC4090,0.0,0.0
PC4091,0.0,0.0
PC4092,0.0,0.0
PC4093,0.0,0.0
PC4094,0.0,0.0
PC4095,0.0,0.0
PC4096,0.0,0.0
PC4097,0.0,0.0
PC4098,0.0,0.0
PC4099,0.0,0.0
PC4100,0.0,0.0
PC4101,0.0,0.0
PC4102,0.0,0.0
PC4103,0.0,0.0
PC4104,0.0,0.0
PC4105,0.0,0.0
PC4106,0.0,0.0
PC4107,0.0,0.0
PC4108,0.0,0.0
PC4109,0.0,0.0
PC4110,0.0,0.0
PC4111,0.0,0.0
PC4112,0.0,0.0
PC4113,0.0,0.0
PC4114,0.0,0.0
PC4115,0.0,0.0
PC4116,0.0,0.0
PC4117,0.0,0.0
PC4118,0.0,0.0
PC4119,0.0,0.0
PC4120,0.0,0.0
PC4121,0.0,0.0
PC4122,0.0,0.0
PC4123,0.0,0.0
PC4124,0.0,0.0
PC4125,0.0,0.0
PC4126,0.0,0.0
PC4127,0.0,0.0
PC4128,0.0,0.0
PC4129,0.0,0.0
PC4130,0.0,0.0
PC4131,0.0,0.0
PC4132,0.0,0.0
PC4133,0.0,0.0
PC4134,0.0,0.0
PC4135,0.0,0.0
PC4136,0.0,0.0
PC4137,0.0,0.0
PC4138,0.0,0.0
PC4139,0.0,0.0
PC4140,0.0,0.0
PC4141,0.0,0.0
PC4142,0.0,0.0
PC4143,0.0,0.0
PC4144,0.0,0.0
PC4145,0.0,0.0
PC4146,0.0,0.0
PC4147,0.0,0.0
PC4148,0.0,0.0
PC4149,0.0,0.0
PC4150,0.0,0.0
PC4151,0.0,0.0
PC4152,0.0,0.0
PC4153,0.0,0.0
PC4154,0.0,0.0
PC4155,0.0,0.0
PC4156,0.0,0.0
PC4157,0.0,0.0
PC4158,0.0,0.0
PC4159,0.0,0.0
PC4160,0.0,0.0
PC4161,0.0,0.0
PC4162,0.0,0.0
PC4163,0.0,0.0
PC4164,0.0,0.0
PC4165,0.0,0.0
PC4166,0.0,0.0
PC4167,0.0,0.0
PC4168,0.0,0.0
PC4169,0.0,0.0
PC4170,0.0,0.0
PC4171,0.0,0.0
PC4172,0.0,0.0
PC4173,0.0,0.0
PC4174,0.0,0.0
PC4175,0.0,0.0
PC4176,0.0,0.0
PC4177,0.0,0.0
PC4178,0.0,0.0
PC4179,0.0,0.0
PC4180,0.0,0.0
PC4181,0.0,0.0
PC4182,0.0,0.0
PC4183,0.0,0.0
PC4184,0.0,0.0
PC4185,0.0,0.0
PC4186,0.0,0.0
PC4187,0.0,0.0
PC4188,0.0,0.0
PC4189,0.0,0.0
PC4190,0.0,0.0
PC4191,0.0,0.0
PC4192,0.0,0.0
PC4193,0.0,0.0
PC4194,0.0,0.0
PC4195,0.0,0.0
PC4196,0.0,0.0
PC4197,0.0,0.0
PC4198,0.0,0.0
PC4199,0.0,0.0
PC4200,0.0,0.0
PC4201,0.0,0.0
PC4202,0.0,0.0
PC4203,0.0,0.0
PC4204,0.0,0.0
PC4205,0.0,0.0
PC4206,0.0,0.0
PC4207,0.0,0.0
PC4208,0.0,0.0
PC4209,0.0,0.0
PC4210,0.0,0.0
PC4211,0.0,0.0
PC4212,0.0,0.0
PC4213,0.0,0.0
PC4214,0.0,0.0
PC4215,0.0,0.0
PC4216,0.0,0.0
PC4217,0.0,0.0
PC4218,0.0,0.0
PC4219,0.0,0.0
PC4220,0.0,0.0
PC4221,0.0,0.0
PC4222,0.0,0.0
PC4223,0.0,0.0
PC4224,0.0,0.0
PC4225,0.0,0.0
PC4226,0.0,0.0
PC4227,0.0,0.0
PC4228,0.0,0.0
PC4229,0.0,0.0
PC4230,0.0,0.0
PC4231,0.0,0.0
PC4232,0.0,0.0
PC4233,0.0,0.0
PC4234,0.0,0.0
PC4235,0.0,0.0
PC4236,0.0,0.0
PC4237,0.0,0.0
PC4238,0.0,0.0
PC4239,0.0,0.0
PC4240,0.0,0.0
PC4241,0.0,0.0
PC4242,0.0,0.0
PC4243,0.0,0.0
PC4244,0.0,0.0
PC4245,0.0,0.0
PC4246,0.0,0.0
PC4247,0.0,0.0
PC4248,0.0,0.0
PC4249,0.0,0.0
PC4250,0.0,0.0
PC4251,0.0,0.0
PC4252,0.0,0.0
PC4253,0.0,0.0
PC4254,0.0,0.0
PC4255,0.0,0.0
PC4256,0.0,0.0
PC4257,0.0,0.0
PC4258,0.0,0.0
PC4259,0.0,0.0
PC4260,0.0,0.0
PC4261,0.0,0.0
PC4262,0.0,0.0
PC4263,0.0,0.0
PC4264,0.0,0.0
PC4265,0.0,0.0
PC4266,0.0,0.0
PC4267,0.0,0.0
PC4268,0.0,0.0
PC4269,0.0,0.0
PC4270,0.0,0.0
PC4271,0.0,0.0
PC4272,0.0,0.0
PC4273,0.0,0.0
PC4274,0.0,0.0
PC4275,0.0,0.0
PC4276,0.0,0.0
PC4277,0.0,0.0
PC4278,0.0,0.0
PC4279,0.0,0.0
PC4280,0.0,0.0
PC4281,0.0,0.0
PC4282,0.0,0.0
PC4283,0.0,0.0
PC4284,0.0,0.0
PC4285,0.0,0.0
PC4286,0.0,0.0
PC4287,0.0,0.0
PC4288,0.0,0.0
PC4289,0.0,0.0
PC4290,0.0,0.0
PC4291,0.0,0.0
PC4292,0.0,0.0
PC4293,0.0,0.0
PC4294,0.0,0.0
PC4295,0.0,0.0
PC4296,0.0,0.0
PC4297,0.0,0.0
PC4298,0.0,0.0
PC4299,0.0,0.0
PC4300,0.0,0.0
PC4301,0.0,0.0
PC4302,0.0,0.0
PC4303,0.0,0.0
PC4304,0.0,0.0
PC4305,0.0,0.0
PC4306,0.0,0.0
PC4307,0.0,0.0
PC4308,0.0,0.0
PC4309,0.0,0.0
PC4310,0.0,0.0
PC4311,0.0,0.0
PC4312,0.0,0.0
PC4313,0.0,0.0
PC4314,0.0,0.0
PC4315,0.0,0.0
PC4316,0.0,0.0
PC4317,0.0,0.0
PC4318,0.0,0.0
PC4319,0.0,0.0
PC4320,0.0,0.0
PC4321,0.0,0.0
PC4322,0.0,0.0
PC4323,0.0,0.0
PC4324,0.0,0.0
PC4325,0.0,0.0
PC4326,0.0,0.0
PC4327,0.0,0.0
PC4328,0.0,0.0
PC4329,0.0,0.0
PC4330,0.0,0.0
PC4331,0.0,0.0
PC4332,0.0,0.0
PC4333,0.0,0.0
PC4334,0.0,0.0
PC4335,0.0,0.0
PC4336,0.0,0.0
PC4337,0.0,0.0
PC4338,0.0,0.0
PC4339,0.0,0.0
PC4340,0.0,0.0
PC4341,0.0,0.0
PC4342,0.0,0.0
PC4343,0.0,0.0
PC4344,0.0,0.0
PC4345,0.0,0.0
PC4346,0.0,0.0
PC4347,0.0,0.0
PC4348,0.0,0.0
PC4349,0.0,0.0
PC4350,0.0,0.0
PC4351,0.0,0.0
PC4352,0.0,0.0
PC4353,0.0,0.0
PC4354,0.0,0.0
PC4355,0.0,0.0
PC4356,0.0,0.0
PC4357,0.0,0.0
PC4358,0.0,0.0
PC4359,0.0,0.0
PC4360,0.0,0.0
PC4361,0.0,0.0
PC4362,0.0,0.0
PC4363,0.0,0.0
PC4364,0.0,0.0
PC4365,0.0,0.0
PC4366,0.0,0.0
PC4367,0.0,0.0
PC4368,0.0,0.0
PC4369,0.0,0.0
PC4370,0.0,0.0
PC4371,0.0,0.0
PC4372,0.0,0.0
PC4373,0.0,0.0
PC4374,0.0,0.0
PC4375,0.0,0.0
PC4376,0.0,0.0
PC4377,0.0,0.0
PC4378,0.0,0.0
PC4379,0.0,0.0
PC4380,0.0,0.0
PC4381,0.0,0.0
PC4382,0.0,0.0
PC4383,0.0,0.0
PC4384,0.0,0.0
PC4385,0.0,0.0
PC4386,0.0,0.0
PC4387,0.0,0.0
PC4388,0.0,0.0
PC4389,0.0,0.0
PC4390,0.0,0.0
PC4391,0.0,0.0
PC4392,0.0,0.0
PC4393,0.0,0.0
PC4394,0.0,0.0
PC4395,0.0,0.0
PC4396,0.0,0.0
PC4397,0.0,0.0
PC4398,0.0,0.0
PC4399,0.0,0.0
PC4400,0.0,0.0
PC4401,0.0,0.0
PC4402,0.0,0.0
PC4403,0.0,0.0
PC4404,0.0,0.0
PC4405,0.0,0.0
PC4406,0.0,0.0
PC4407,0.0,0.0
PC4408,0.0,0.0
PC4409,0.0,0.0
PC4410,0.0,0.0
PC4411,0.0,0.0
PC4412,0.0,0.0
PC4413,0.0,0.0
PC4414,0.0,0.0
PC4415,0.0,0.0
PC4416,0.0,0.0
PC4417,0.0,0.0
PC4418,0.0,0.0
PC4419,0.0,0.0
PC4420,0.0,0.0
PC4421,0.0,0.0
PC4422,0.0,0.0
PC4423,0.0,0.0
PC4424,0.0,0.0
PC4425,0.0,0.0
PC4426,0.0,0.0
PC4427,0.0,0.0
PC4428,0.0,0.0
PC4429,0.0,0.0
PC4430,0.0,0.0
PC4431,0.0,0.0
PC4432,0.0,0.0
PC4433,0.0,0.0
PC4434,0.0,0.0
PC4435,0.0,0.0
PC4436,0.0,0.0
PC4437,0.0,0.0
PC4438,0.0,0.0
PC4439,0.0,0.0
PC4440,0.0,0.0
PC4441,0.0,0.0
PC4442,0.0,0.0
PC4443,0.0,0.0
PC4444,0.0,0.0
PC4445,0.0,0.0
PC4446,0.0,0.0
PC4447,0.0,0.0
PC4448,0.0,0.0
PC4449,0.0,0.0
PC4450,0.0,0.0
PC4451,0.0,0.0
PC4452,0.0,0.0
PC4453,0.0,0.0
PC4454,0.0,0.0
PC4455,0.0,0.0
PC4456,0.0,0.0
PC4457,0.0,0.0
PC4458,0.0,0.0
PC4459,0.0,0.0
PC4460,0.0,0.0
PC4461,0.0,0.0
PC4462,0.0,0.0
PC4463,0.0,0.0
PC4464,0.0,0.0
PC4465,0.0,0.0
PC4466,0.0,0.0
PC4467,0.0,0.0
PC4468,0.0,0.0
PC4469,0.0,0.0
PC4470,0.0,0.0
PC4471,0.0,0.0
PC4472,0.0,0.0
PC4473,0.0,0.0
PC4474,0.0,0.0
PC4475,0.0,0.0
PC4476,0.0,0.0
PC4477,0.0,0.0
PC4478,0.0,0.0
PC4479,0.0,0.0
PC4480,0.0,0.0
PC4481,0.0,0.0
PC4482,0.0,0.0
PC4483,0.0,0.0
PC4484,0.0,0.0
PC4485,0.0,0.0
PC4486,0.0,0.0
PC4487,0.0,0.0
PC4488,0.0,0.0
PC4489,0.0,0.0
PC4490,0.0,0.0
PC4491,0.0,0.0
PC4492,0.0,0.0
PC4493,0.0,0.0
PC4494,0.0,0.0
PC4495,0.0,0.0
PC4496,0.0,0.0
PC4497,0.0,0.0
PC4498,0.0,0.0
PC4499,0.0,0.0
PC4500,0.0,0.0
PC4501,0.0,0.0
PC4502,0.0,0.0
PC4503,0.0,0.0
PC4504,0.0,0.0
PC4505,0.0,0.0
